"ID","Last Name","First Name","Team ID","Team Name","Status","Status Details","Position","Eligible Positions","Image"
"431.p.11349","Alvarez","Francisco","431.l.148152.t.1","Punxsutawney PED-O-BEARS","Available","","C","C,Util","https://s.yimg.com/iu/api/res/1.2/Yhulsjm4l_b5nyIm_M2g6w--~C/YXBwaWQ9eXNwb3J0cztjaD0yMzM2O2NyPTE7Y3c9MTc5MDtkeD04NTc7ZHk9MDtmaT11bGNyb3A7aD02MDtxPTEwMDt3PTQ2/https://s.yimg.com/xe/i/us/sp/v/mlb_cutout/players_l/04032024/11349.png"
"431.p.8967","Goldschmidt","Paul","431.l.148152.t.1","Punxsutawney PED-O-BEARS","Available","","1B","1B,Util","https://s.yimg.com/iu/api/res/1.2/vrMsScL1s3FeQw0wHcQn3A--~C/YXBwaWQ9eXNwb3J0cztjaD0yMzM2O2NyPTE7Y3c9MTc5MDtkeD04NTc7ZHk9MDtmaT11bGNyb3A7aD02MDtxPTEwMDt3PTQ2/https://s.yimg.com/xe/i/us/sp/v/mlb_cutout/players_l/03212023/8967.png"
"431.p.11221","Arraez","Luis","431.l.148152.t.1","Punxsutawney PED-O-BEARS","Available","","2B","1B,2B,Util","https://s.yimg.com/iu/api/res/1.2/_2x96waun4aoRMUXsNzv_A--~C/YXBwaWQ9eXNwb3J0cztjaD0yMzM2O2NyPTE7Y3c9MTc5MDtkeD04NTc7ZHk9MDtmaT11bGNyb3A7aD02MDtxPTEwMDt3PTQ2/https://s.yimg.com/xe/i/us/sp/v/mlb_cutout/players_l/05082024/11221.png"
"431.p.9507","Ramírez","José","431.l.148152.t.1","Punxsutawney PED-O-BEARS","Available","","3B","3B,Util","https://s.yimg.com/iu/api/res/1.2/FCJv2qDHmM8ebJm0BMseuQ--~C/YXBwaWQ9eXNwb3J0cztjaD0yMzM2O2NyPTE7Y3c9MTc5MDtkeD04NTc7ZHk9MDtmaT11bGNyb3A7aD02MDtxPTEwMDt3PTQ2/https://s.yimg.com/xe/i/us/sp/v/mlb_cutout/players_l/04112024/9507.png"
"431.p.11731","Henderson","Gunnar","431.l.148152.t.1","Punxsutawney PED-O-BEARS","Available","","SS","3B,SS,Util","https://s.yimg.com/iu/api/res/1.2/K2sdvX4VyrU6eLIT9wnsZA--~C/YXBwaWQ9eXNwb3J0cztjaD0yMzM2O2NyPTE7Y3c9MTc5MDtkeD04NTc7ZHk9MDtmaT11bGNyb3A7aD02MDtxPTEwMDt3PTQ2/https://s.yimg.com/xe/i/us/sp/v/mlb_cutout/players_l/04022024/11731.png"
"431.p.10366","Hernández","Teoscar","431.l.148152.t.1","Punxsutawney PED-O-BEARS","Available","","OF","OF,Util","https://s.yimg.com/iu/api/res/1.2/TlMwIBCIg8.MOmy2QNmNEA--~C/YXBwaWQ9eXNwb3J0cztjaD0yMzM2O2NyPTE7Y3c9MTc5MDtkeD04NTc7ZHk9MDtmaT11bGNyb3A7aD02MDtxPTEwMDt3PTQ2/https://s.yimg.com/xe/i/us/sp/v/mlb_cutout/players_l/03082024/10366.png"
"431.p.10215","O'Neill","Tyler","431.l.148152.t.1","Punxsutawney PED-O-BEARS","Available","","OF","OF,Util","https://s.yimg.com/iu/api/res/1.2/nBJHciuL_wdQrhd9CMIfPQ--~C/YXBwaWQ9eXNwb3J0cztjaD0yMzM2O2NyPTE7Y3c9MTc5MDtkeD04NTc7ZHk9MDtmaT11bGNyb3A7aD02MDtxPTEwMDt3PTQ2/https://s.yimg.com/xe/i/us/sp/v/mlb_cutout/players_l/04032024/10215.png"
"431.p.9414","Pederson","Joc","431.l.148152.t.1","Punxsutawney PED-O-BEARS","Available","","OF","OF,Util","https://s.yimg.com/iu/api/res/1.2/Eaf4HficT7j9u5zODYpEjw--~C/YXBwaWQ9eXNwb3J0cztjaD0yMzM2O2NyPTE7Y3c9MTc5MDtkeD04NTc7ZHk9MDtmaT11bGNyb3A7aD02MDtxPTEwMDt3PTQ2/https://s.yimg.com/xe/i/us/sp/v/mlb_cutout/players_l/02282024/9414.png"
"431.p.10572","Naylor","Josh","431.l.148152.t.1","Punxsutawney PED-O-BEARS","Available","","Util","1B,Util","https://s.yimg.com/iu/api/res/1.2/K6YTzQq5MOYwEhmDcDb2zw--~C/YXBwaWQ9eXNwb3J0cztjaD0yMzM2O2NyPTE7Y3c9MTc5MDtkeD04NTc7ZHk9MDtmaT11bGNyb3A7aD02MDtxPTEwMDt3PTQ2/https://s.yimg.com/xe/i/us/sp/v/mlb_cutout/players_l/04112024/10572.png"
"431.p.11878","Acuña","Luisangel","431.l.148152.t.1","Punxsutawney PED-O-BEARS","Available","","Util","2B,SS,Util","https://s.yimg.com/iu/api/res/1.2/h.CsYIr3pvm20hjmpQDyaw--~C/YXBwaWQ9eXNwb3J0cztjaD0yMzM2O2NyPTE7Y3c9MTc5MDtkeD04NTc7ZHk9MDtmaT11bGNyb3A7aD02MDtxPTEwMDt3PTQ2/https://s.yimg.com/xe/i/us/sp/v/mlb_cutout/players_l/03082024/11878.png"
"431.p.9015","Perez","Salvador","431.l.148152.t.1","Punxsutawney PED-O-BEARS","Available","","BN","C,1B,Util","https://s.yimg.com/iu/api/res/1.2/0h1GlFW2_..b3peTX0GVow--~C/YXBwaWQ9eXNwb3J0cztjaD0yMzM2O2NyPTE7Y3c9MTc5MDtkeD04NTc7ZHk9MDtmaT11bGNyb3A7aD02MDtxPTEwMDt3PTQ2/https://s.yimg.com/xe/i/us/sp/v/mlb_cutout/players_l/04192024/9015.png"
"431.p.10765","Robert Jr.","Luis","431.l.148152.t.1","Punxsutawney PED-O-BEARS","Available","","BN","OF,Util","https://s.yimg.com/iu/api/res/1.2/OUYDznpX2B0cqj9uGQBRIQ--~C/YXBwaWQ9eXNwb3J0cztjaD0yMzM2O2NyPTE7Y3c9MTc5MDtkeD04NTc7ZHk9MDtmaT11bGNyb3A7aD02MDtxPTEwMDt3PTQ2/https://s.yimg.com/xe/i/us/sp/v/mlb_cutout/players_l/04092024/10765.png"
"431.p.62971","Crews","Dylan","431.l.148152.t.1","Punxsutawney PED-O-BEARS","Available","","BN","OF,Util","https://s.yimg.com/iu/api/res/1.2/TcM85WhJ.fAOHWf2QKLjIw--~C/YXBwaWQ9eXNwb3J0cztjaD0yMDA7Y3I9MTtjdz0xNTM7ZHg9NzQ7ZHk9MDtmaT11bGNyb3A7aD02MDtxPTEwMDt3PTQ2/https://s.yimg.com/dh/ap/default/140828/silhouette@2x.png"
"431.p.9724","Suárez","Eugenio","431.l.148152.t.1","Punxsutawney PED-O-BEARS","Available","","BN","3B,Util","https://s.yimg.com/iu/api/res/1.2/yYrIxBgRbA2K1jB6Cfnn4w--~C/YXBwaWQ9eXNwb3J0cztjaD0yMzM2O2NyPTE7Y3c9MTc5MDtkeD04NTc7ZHk9MDtmaT11bGNyb3A7aD02MDtxPTEwMDt3PTQ2/https://s.yimg.com/xe/i/us/sp/v/mlb_cutout/players_l/03292024/9724.png"
"431.p.10910","Burnes","Corbin","431.l.148152.t.1","Punxsutawney PED-O-BEARS","Available","","SP","SP,P","https://s.yimg.com/iu/api/res/1.2/bf45ssd4e74I3LgOUXfq9g--~C/YXBwaWQ9eXNwb3J0cztjaD0yMzM2O2NyPTE7Y3c9MTc5MDtkeD04NTc7ZHk9MDtmaT11bGNyb3A7aD02MDtxPTEwMDt3PTQ2/https://s.yimg.com/xe/i/us/sp/v/mlb_cutout/players_l/02292024/10910.png"
"431.p.10862","Greene","Hunter","431.l.148152.t.1","Punxsutawney PED-O-BEARS","Available","","SP","SP,P","https://s.yimg.com/iu/api/res/1.2/c.yChfmjlBVmlGVx.MKoOg--~C/YXBwaWQ9eXNwb3J0cztjaD0yMzM2O2NyPTE7Y3c9MTc5MDtkeD04NTc7ZHk9MDtmaT11bGNyb3A7aD02MDtxPTEwMDt3PTQ2/https://s.yimg.com/xe/i/us/sp/v/mlb_cutout/players_l/04102024/10862.png"
"431.p.12505","Miller","Mason","431.l.148152.t.1","Punxsutawney PED-O-BEARS","Available","","RP","SP,RP,P","https://s.yimg.com/iu/api/res/1.2/3TtjbrBgkKvZD_Q3sIfFqg--~C/YXBwaWQ9eXNwb3J0cztjaD0yMzM2O2NyPTE7Y3c9MTc5MDtkeD04NTc7ZHk9MDtmaT11bGNyb3A7aD02MDtxPTEwMDt3PTQ2/https://s.yimg.com/xe/i/us/sp/v/mlb_cutout/players_l/04032024/12505.png"
"431.p.10355","Strahm","Matt","431.l.148152.t.1","Punxsutawney PED-O-BEARS","Available","","RP","SP,RP,P","https://s.yimg.com/iu/api/res/1.2/MPxfNBBluCj9CHikJ_uZUQ--~C/YXBwaWQ9eXNwb3J0cztjaD0yMzM2O2NyPTE7Y3c9MTc5MDtkeD04NTc7ZHk9MDtmaT11bGNyb3A7aD02MDtxPTEwMDt3PTQ2/https://s.yimg.com/xe/i/us/sp/v/mlb_cutout/players_l/04122024/10355.png"
"431.p.11431","Crawford","Kutter","431.l.148152.t.1","Punxsutawney PED-O-BEARS","Available","","P","SP,RP,P","https://s.yimg.com/iu/api/res/1.2/IipiWblqpI67IEpZ90hKKQ--~C/YXBwaWQ9eXNwb3J0cztjaD0yMzM2O2NyPTE7Y3c9MTc5MDtkeD04NTc7ZHk9MDtmaT11bGNyb3A7aD02MDtxPTEwMDt3PTQ2/https://s.yimg.com/xe/i/us/sp/v/mlb_cutout/players_l/04032024/11431.png"
"431.p.11706","Sánchez","Cristopher","431.l.148152.t.1","Punxsutawney PED-O-BEARS","Available","","P","SP,P","https://s.yimg.com/iu/api/res/1.2/CzEJUygIjln4fyzRS5klRw--~C/YXBwaWQ9eXNwb3J0cztjaD0yMzM2O2NyPTE7Y3c9MTc5MDtkeD04NTc7ZHk9MDtmaT11bGNyb3A7aD02MDtxPTEwMDt3PTQ2/https://s.yimg.com/xe/i/us/sp/v/mlb_cutout/players_l/04122024/11706.png"
"431.p.63640","Imanaga","Shota","431.l.148152.t.1","Punxsutawney PED-O-BEARS","Available","","P","SP,P","https://s.yimg.com/iu/api/res/1.2/NX8vUkMgbz3O1VdrMYZuJw--~C/YXBwaWQ9eXNwb3J0cztjaD0yMzM2O2NyPTE7Y3c9MTc5MDtkeD04NTc7ZHk9MDtmaT11bGNyb3A7aD02MDtxPTEwMDt3PTQ2/https://s.yimg.com/xe/i/us/sp/v/mlb_cutout/players_l/01222024/63640.png"
"431.p.11263","Kikuchi","Yusei","431.l.148152.t.1","Punxsutawney PED-O-BEARS","Available","","P","SP,P","https://s.yimg.com/iu/api/res/1.2/yagO4qz9RJVa1KJ3MoSNhA--~C/YXBwaWQ9eXNwb3J0cztjaD0yMzM2O2NyPTE7Y3c9MTc5MDtkeD04NTc7ZHk9MDtmaT11bGNyb3A7aD02MDtxPTEwMDt3PTQ2/https://s.yimg.com/xe/i/us/sp/v/mlb_cutout/players_l/04262024/11263.png"
"431.p.10438","Cease","Dylan","431.l.148152.t.1","Punxsutawney PED-O-BEARS","Available","","BN","SP,P","https://s.yimg.com/iu/api/res/1.2/n_S_CxxwDkswSGUgnD7NZA--~C/YXBwaWQ9eXNwb3J0cztjaD0yMzM2O2NyPTE7Y3c9MTc5MDtkeD04NTc7ZHk9MDtmaT11bGNyb3A7aD02MDtxPTEwMDt3PTQ2/https://s.yimg.com/xe/i/us/sp/v/mlb_cutout/players_l/03222024/10438.png"
"431.p.10456","Stephenson","Tyler","431.l.148152.t.2","SIXTH PLACE NONE THE RICHER","Available","","C","C,Util","https://s.yimg.com/iu/api/res/1.2/fYOR8t.uiMWA5ecadaOZsw--~C/YXBwaWQ9eXNwb3J0cztjaD0yMzM2O2NyPTE7Y3c9MTc5MDtkeD04NTc7ZHk9MDtmaT11bGNyb3A7aD02MDtxPTEwMDt3PTQ2/https://s.yimg.com/xe/i/us/sp/v/mlb_cutout/players_l/04102024/10456.png"
"431.p.10621","Guerrero Jr.","Vladimir","431.l.148152.t.2","SIXTH PLACE NONE THE RICHER","Available","","1B","1B,3B,Util","https://s.yimg.com/iu/api/res/1.2/jK1L61bpMJ01FuUlZ4rdXw--~C/YXBwaWQ9eXNwb3J0cztjaD0yMzM2O2NyPTE7Y3c9MTc5MDtkeD04NTc7ZHk9MDtmaT11bGNyb3A7aD02MDtxPTEwMDt3PTQ2/https://s.yimg.com/xe/i/us/sp/v/mlb_cutout/players_l/04262024/10621.png"
"431.p.12503","Gelof","Zack","431.l.148152.t.2","SIXTH PLACE NONE THE RICHER","Available","","2B","2B,Util","https://s.yimg.com/iu/api/res/1.2/V1j9Ho6f2GY3fjh6LTDA1A--~C/YXBwaWQ9eXNwb3J0cztjaD0yMzM2O2NyPTE7Y3c9MTc5MDtkeD04NTc7ZHk9MDtmaT11bGNyb3A7aD02MDtxPTEwMDt3PTQ2/https://s.yimg.com/xe/i/us/sp/v/mlb_cutout/players_l/03112024/12503.png"
"431.p.10205","Chapman","Matt","431.l.148152.t.2","SIXTH PLACE NONE THE RICHER","Available","","3B","3B,Util","https://s.yimg.com/iu/api/res/1.2/uUUBmXrNucbtHACmbGRbFA--~C/YXBwaWQ9eXNwb3J0cztjaD0yMzM2O2NyPTE7Y3c9MTc5MDtkeD04NTc7ZHk9MDtmaT11bGNyb3A7aD02MDtxPTEwMDt3PTQ2/https://s.yimg.com/xe/i/us/sp/v/mlb_cutout/players_l/04222024/10205.png"
"431.p.9552","Betts","Mookie","431.l.148152.t.2","SIXTH PLACE NONE THE RICHER","Available","","SS","2B,SS,OF,Util","https://s.yimg.com/iu/api/res/1.2/xj2cqnOQpxqsufaLiJA41g--~C/YXBwaWQ9eXNwb3J0cztjaD0yMzM2O2NyPTE7Y3c9MTc5MDtkeD04NTc7ZHk9MDtmaT11bGNyb3A7aD02MDtxPTEwMDt3PTQ2/https://s.yimg.com/xe/i/us/sp/v/mlb_cutout/players_l/04012024/9552.png"
"431.p.12521","Wood","James","431.l.148152.t.2","SIXTH PLACE NONE THE RICHER","Available","","OF","OF,Util","https://s.yimg.com/iu/api/res/1.2/arePQOQU2IgqNUZ3o.IrOw--~C/YXBwaWQ9eXNwb3J0cztjaD0yMzM2O2NyPTE7Y3c9MTc5MDtkeD04NTc7ZHk9MDtmaT11bGNyb3A7aD02MDtxPTEwMDt3PTQ2/https://s.yimg.com/xe/i/us/sp/v/mlb_cutout/players_l/04242024/12521.png"
"431.p.11722","Carroll","Corbin","431.l.148152.t.2","SIXTH PLACE NONE THE RICHER","Available","","OF","OF,Util","https://s.yimg.com/iu/api/res/1.2/d7i60S7kiFDvspSCGRgGBQ--~C/YXBwaWQ9eXNwb3J0cztjaD0yMzM2O2NyPTE7Y3c9MTc5MDtkeD04NTc7ZHk9MDtmaT11bGNyb3A7aD02MDtxPTEwMDt3PTQ2/https://s.yimg.com/xe/i/us/sp/v/mlb_cutout/players_l/03292024/11722.png"
"431.p.12719","Butler","Lawrence","431.l.148152.t.2","SIXTH PLACE NONE THE RICHER","Available","","OF","OF,Util","https://s.yimg.com/iu/api/res/1.2/T6iIXg0_sp2mD5v1t_rcGg--~C/YXBwaWQ9eXNwb3J0cztjaD0yMzM2O2NyPTE7Y3c9MTc5MDtkeD04NTc7ZHk9MDtmaT11bGNyb3A7aD02MDtxPTEwMDt3PTQ2/https://s.yimg.com/xe/i/us/sp/v/mlb_cutout/players_l/04032024/12719.png"
"431.p.10626","Soto","Juan","431.l.148152.t.2","SIXTH PLACE NONE THE RICHER","Available","","Util","OF,Util","https://s.yimg.com/iu/api/res/1.2/lnlyxDeipDYvEykQ_Nygbw--~C/YXBwaWQ9eXNwb3J0cztjaD0yMzM2O2NyPTE7Y3c9MTc5MDtkeD04NTc7ZHk9MDtmaT11bGNyb3A7aD02MDtxPTEwMDt3PTQ2/https://s.yimg.com/xe/i/us/sp/v/mlb_cutout/players_l/04102024/10626.png"
"431.p.9606","Muncy","Max","431.l.148152.t.2","SIXTH PLACE NONE THE RICHER","Available","","Util","3B,Util","https://s.yimg.com/iu/api/res/1.2/jen1x.9W7Jw1GtHS0iv4qg--~C/YXBwaWQ9eXNwb3J0cztjaD0yMzM2O2NyPTE7Y3c9MTc5MDtkeD04NTc7ZHk9MDtmaT11bGNyb3A7aD02MDtxPTEwMDt3PTQ2/https://s.yimg.com/xe/i/us/sp/v/mlb_cutout/players_l/04012024/9606.png"
"431.p.9876","Nimmo","Brandon","431.l.148152.t.2","SIXTH PLACE NONE THE RICHER","Available","","BN","OF,Util","https://s.yimg.com/iu/api/res/1.2/d4Sn33OWkydNfiZpq3k6AQ--~C/YXBwaWQ9eXNwb3J0cztjaD0yMzM2O2NyPTE7Y3c9MTc5MDtkeD04NTc7ZHk9MDtmaT11bGNyb3A7aD02MDtxPTEwMDt3PTQ2/https://s.yimg.com/xe/i/us/sp/v/mlb_cutout/players_l/04032024/9876.png"
"431.p.10195","Taylor","Tyrone","431.l.148152.t.2","SIXTH PLACE NONE THE RICHER","Available","","BN","OF,Util","https://s.yimg.com/iu/api/res/1.2/Ygh_WaRgK6mIOuv3Hg2qAw--~C/YXBwaWQ9eXNwb3J0cztjaD0yMzM2O2NyPTE7Y3c9MTc5MDtkeD04NTc7ZHk9MDtmaT11bGNyb3A7aD02MDtxPTEwMDt3PTQ2/https://s.yimg.com/xe/i/us/sp/v/mlb_cutout/players_l/03082024/10195.png"
"431.p.10591","Bader","Harrison","431.l.148152.t.2","SIXTH PLACE NONE THE RICHER","Available","","BN","OF,Util","https://s.yimg.com/iu/api/res/1.2/LvtS5fgxp4IAZgfKmIvgPQ--~C/YXBwaWQ9eXNwb3J0cztjaD0yMzM2O2NyPTE7Y3c9MTc5MDtkeD04NTc7ZHk9MDtmaT11bGNyb3A7aD02MDtxPTEwMDt3PTQ2/https://s.yimg.com/xe/i/us/sp/v/mlb_cutout/players_l/04032024/10591.png"
"431.p.12215","Megill","Tylor","431.l.148152.t.2","SIXTH PLACE NONE THE RICHER","Available","","SP","SP,P","https://s.yimg.com/iu/api/res/1.2/V1VUE2Dqc_Lvwh6HrJ7t6w--~C/YXBwaWQ9eXNwb3J0cztjaD0yMzM2O2NyPTE7Y3c9MTc5MDtkeD04NTc7ZHk9MDtmaT11bGNyb3A7aD02MDtxPTEwMDt3PTQ2/https://s.yimg.com/xe/i/us/sp/v/mlb_cutout/players_l/04032024/12215.png"
"431.p.10921","Peterson","David","431.l.148152.t.2","SIXTH PLACE NONE THE RICHER","Available","","SP","SP,RP,P","https://s.yimg.com/iu/api/res/1.2/XUS1trY0f1TAiHlMDL.ANg--~C/YXBwaWQ9eXNwb3J0cztjaD0yMzM2O2NyPTE7Y3c9MTc5MDtkeD04NTc7ZHk9MDtmaT11bGNyb3A7aD02MDtxPTEwMDt3PTQ2/https://s.yimg.com/xe/i/us/sp/v/mlb_cutout/players_l/04052023/10921.png"
"431.p.60122","Hodge","Porter","431.l.148152.t.2","SIXTH PLACE NONE THE RICHER","Available","","RP","SP,RP,P","https://s.yimg.com/iu/api/res/1.2/sVMbwCa372ZTLFICrlCXzw--~C/YXBwaWQ9eXNwb3J0cztjaD0yMzM2O2NyPTE7Y3c9MTc5MDtkeD04NTc7ZHk9MDtmaT11bGNyb3A7aD02MDtxPTEwMDt3PTQ2/https://s.yimg.com/xe/i/us/sp/v/mlb_cutout/players_l/03012024/60122.png"
"431.p.10946","Helsley","Ryan","431.l.148152.t.2","SIXTH PLACE NONE THE RICHER","Available","","RP","RP,P","https://s.yimg.com/iu/api/res/1.2/sd6aAwLdAYcOoDuDRoM_VQ--~C/YXBwaWQ9eXNwb3J0cztjaD0yMzM2O2NyPTE7Y3c9MTc5MDtkeD04NTc7ZHk9MDtmaT11bGNyb3A7aD02MDtxPTEwMDt3PTQ2/https://s.yimg.com/xe/i/us/sp/v/mlb_cutout/players_l/04232024/10946.png"
"431.p.12750","Martinez","Justin","431.l.148152.t.2","SIXTH PLACE NONE THE RICHER","Available","","P","RP,P","https://s.yimg.com/iu/api/res/1.2/a4mgUkdMNWvM_lTKHDP.XA--~C/YXBwaWQ9eXNwb3J0cztjaD0yMzM2O2NyPTE7Y3c9MTc5MDtkeD04NTc7ZHk9MDtmaT11bGNyb3A7aD02MDtxPTEwMDt3PTQ2/https://s.yimg.com/xe/i/us/sp/v/mlb_cutout/players_l/03072023/12750.png"
"431.p.12204","Foley","Jason","431.l.148152.t.2","SIXTH PLACE NONE THE RICHER","Available","","P","RP,P","https://s.yimg.com/iu/api/res/1.2/qubj13NL31nCkgicwcmzaA--~C/YXBwaWQ9eXNwb3J0cztjaD0yMzM2O2NyPTE7Y3c9MTc5MDtkeD04NTc7ZHk9MDtmaT11bGNyb3A7aD02MDtxPTEwMDt3PTQ2/https://s.yimg.com/xe/i/us/sp/v/mlb_cutout/players_l/04152024/12204.png"
"431.p.10659","Erceg","Lucas","431.l.148152.t.2","SIXTH PLACE NONE THE RICHER","Available","","P","RP,P","https://s.yimg.com/iu/api/res/1.2/_ieZ1VhBHuvzFo3HMxk5EQ--~C/YXBwaWQ9eXNwb3J0cztjaD0yMzM2O2NyPTE7Y3c9MTc5MDtkeD04NTc7ZHk9MDtmaT11bGNyb3A7aD02MDtxPTEwMDt3PTQ2/https://s.yimg.com/xe/i/us/sp/v/mlb_cutout/players_l/08142024/10659.1723640156.png"
"431.p.8616","Chapman","Aroldis","431.l.148152.t.2","SIXTH PLACE NONE THE RICHER","Available","","P","RP,P","https://s.yimg.com/iu/api/res/1.2/7E.93i1uLUoEV0RscelT2A--~C/YXBwaWQ9eXNwb3J0cztjaD0yMzM2O2NyPTE7Y3c9MTc5MDtkeD04NTc7ZHk9MDtmaT11bGNyb3A7aD02MDtxPTEwMDt3PTQ2/https://s.yimg.com/xe/i/us/sp/v/mlb_cutout/players_l/03072024/8616.png"
"431.p.9879","Severino","Luis","431.l.148152.t.2","SIXTH PLACE NONE THE RICHER","Available","","BN","SP,P","https://s.yimg.com/iu/api/res/1.2/IfnypMqirz_n4VlIarobBg--~C/YXBwaWQ9eXNwb3J0cztjaD0yMzM2O2NyPTE7Y3c9MTc5MDtkeD04NTc7ZHk9MDtmaT11bGNyb3A7aD02MDtxPTEwMDt3PTQ2/https://s.yimg.com/xe/i/us/sp/v/mlb_cutout/players_l/04032024/9879.png"
"431.p.10899","Ruiz","Keibert","431.l.148152.t.3","Dong Bongs","Available","","C","C,Util","https://s.yimg.com/iu/api/res/1.2/2BEpZDzax2pYA1LVs49Ldw--~C/YXBwaWQ9eXNwb3J0cztjaD0yMzM2O2NyPTE7Y3c9MTc5MDtkeD04NTc7ZHk9MDtmaT11bGNyb3A7aD02MDtxPTEwMDt3PTQ2/https://s.yimg.com/xe/i/us/sp/v/mlb_cutout/players_l/04282024/10899.png"
"431.p.10881","Paredes","Isaac","431.l.148152.t.3","Dong Bongs","Available","","1B","1B,2B,3B,Util","https://s.yimg.com/iu/api/res/1.2/XoaMidRBya5TrwpEytMl2g--~C/YXBwaWQ9eXNwb3J0cztjaD0yMzM2O2NyPTE7Y3c9MTc5MDtkeD04NTc7ZHk9MDtmaT11bGNyb3A7aD02MDtxPTEwMDt3PTQ2/https://s.yimg.com/xe/i/us/sp/v/mlb_cutout/players_l/08022024/10881.1722623636.png"
"431.p.11817","Stott","Bryson","431.l.148152.t.3","Dong Bongs","Available","","2B","2B,SS,Util","https://s.yimg.com/iu/api/res/1.2/E55FvaYZDxtvByjQR_jYBg--~C/YXBwaWQ9eXNwb3J0cztjaD0yMzM2O2NyPTE7Y3c9MTc5MDtkeD04NTc7ZHk9MDtmaT11bGNyb3A7aD02MDtxPTEwMDt3PTQ2/https://s.yimg.com/xe/i/us/sp/v/mlb_cutout/players_l/04122024/11817.png"
"431.p.9111","Machado","Manny","431.l.148152.t.3","Dong Bongs","Available","","3B","3B,Util","https://s.yimg.com/iu/api/res/1.2/gwEWcUjhrmd2s1q2H._4mw--~C/YXBwaWQ9eXNwb3J0cztjaD0yMzM2O2NyPTE7Y3c9MTc5MDtkeD04NTc7ZHk9MDtmaT11bGNyb3A7aD02MDtxPTEwMDt3PTQ2/https://s.yimg.com/xe/i/us/sp/v/mlb_cutout/players_l/04172024/9111.png"
"431.p.9319","Bogaerts","Xander","431.l.148152.t.3","Dong Bongs","Available","","SS","2B,SS,Util","https://s.yimg.com/iu/api/res/1.2/PyZZawncR8TcmPrnAsUjgA--~C/YXBwaWQ9eXNwb3J0cztjaD0yMzM2O2NyPTE7Y3c9MTc5MDtkeD04NTc7ZHk9MDtmaT11bGNyb3A7aD02MDtxPTEwMDt3PTQ2/https://s.yimg.com/xe/i/us/sp/v/mlb_cutout/players_l/04172024/9319.png"
"431.p.10639","Tatis Jr.","Fernando","431.l.148152.t.3","Dong Bongs","Available","","OF","OF,Util","https://s.yimg.com/iu/api/res/1.2/sXi_t7bvmTvMK0ARo2_D6g--~C/YXBwaWQ9eXNwb3J0cztjaD0yMzM2O2NyPTE7Y3c9MTc5MDtkeD04NTc7ZHk9MDtmaT11bGNyb3A7aD02MDtxPTEwMDt3PTQ2/https://s.yimg.com/xe/i/us/sp/v/mlb_cutout/players_l/04172024/10639.png"
"431.p.12157","Crow-Armstrong","Pete","431.l.148152.t.3","Dong Bongs","Available","","OF","OF,Util","https://s.yimg.com/iu/api/res/1.2/p3_loCSbpmQMoCXEig_wkw--~C/YXBwaWQ9eXNwb3J0cztjaD0yMzM2O2NyPTE7Y3c9MTc5MDtkeD04NTc7ZHk9MDtmaT11bGNyb3A7aD02MDtxPTEwMDt3PTQ2/https://s.yimg.com/xe/i/us/sp/v/mlb_cutout/players_l/03242023/12157.png"
"431.p.12409","Goodman","Hunter","431.l.148152.t.3","Dong Bongs","Available","","OF","C,1B,OF,Util","https://s.yimg.com/iu/api/res/1.2/woe_ogyBV6A1MF2OtsUJXg--~C/YXBwaWQ9eXNwb3J0cztjaD0yMzM2O2NyPTE7Y3c9MTc5MDtkeD04NTc7ZHk9MDtmaT11bGNyb3A7aD02MDtxPTEwMDt3PTQ2/https://s.yimg.com/xe/i/us/sp/v/mlb_cutout/players_l/04182023/12409.png"
"431.p.8619","Santana","Carlos","431.l.148152.t.3","Dong Bongs","Available","","Util","1B,Util","https://s.yimg.com/iu/api/res/1.2/G_Ov0m7NjB84l4YRQawKHQ--~C/YXBwaWQ9eXNwb3J0cztjaD0yMzM2O2NyPTE7Y3c9MTc5MDtkeD04NTc7ZHk9MDtmaT11bGNyb3A7aD02MDtxPTEwMDt3PTQ2/https://s.yimg.com/xe/i/us/sp/v/mlb_cutout/players_l/03082024/8619.png"
"431.p.10235","Devers","Rafael","431.l.148152.t.3","Dong Bongs","Injured","IL10 - Shoulder","Util","3B,Util,IL","https://s.yimg.com/iu/api/res/1.2/Z1aJxR_kGoqdTHpDMvmWYg--~C/YXBwaWQ9eXNwb3J0cztjaD0yMzM2O2NyPTE7Y3c9MTc5MDtkeD04NTc7ZHk9MDtmaT11bGNyb3A7aD02MDtxPTEwMDt3PTQ2/https://s.yimg.com/xe/i/us/sp/v/mlb_cutout/players_l/04032024/10235.png"
"431.p.10227","Robles","Victor","431.l.148152.t.3","Dong Bongs","Available","","BN","OF,Util","https://s.yimg.com/iu/api/res/1.2/bPK2_E8qfjnvFdlw84WxHg--~C/YXBwaWQ9eXNwb3J0cztjaD0yMzM2O2NyPTE7Y3c9MTc5MDtkeD04NTc7ZHk9MDtmaT11bGNyb3A7aD02MDtxPTEwMDt3PTQ2/https://s.yimg.com/xe/i/us/sp/v/mlb_cutout/players_l/06192024/10227.png"
"431.p.12046","Crochet","Garrett","431.l.148152.t.3","Dong Bongs","Available","","SP","SP,RP,P","https://s.yimg.com/iu/api/res/1.2/T7AVTD_LGqJrCZ8ytsHaUQ--~C/YXBwaWQ9eXNwb3J0cztjaD0yMzM2O2NyPTE7Y3c9MTc5MDtkeD04NTc7ZHk9MDtmaT11bGNyb3A7aD02MDtxPTEwMDt3PTQ2/https://s.yimg.com/xe/i/us/sp/v/mlb_cutout/players_l/04092024/12046.png"
"431.p.9124","Wheeler","Zack","431.l.148152.t.3","Dong Bongs","Available","","SP","SP,P","https://s.yimg.com/iu/api/res/1.2/jovi0zk95ZlJR3m7vDCQ7A--~C/YXBwaWQ9eXNwb3J0cztjaD0yMzM2O2NyPTE7Y3c9MTc5MDtkeD04NTc7ZHk9MDtmaT11bGNyb3A7aD02MDtxPTEwMDt3PTQ2/https://s.yimg.com/xe/i/us/sp/v/mlb_cutout/players_l/04122024/9124.png"
"431.p.11625","Clase","Emmanuel","431.l.148152.t.3","Dong Bongs","Available","","RP","RP,P","https://s.yimg.com/iu/api/res/1.2/LORpEEkvWDICAJaiNpQgXw--~C/YXBwaWQ9eXNwb3J0cztjaD0yMzM2O2NyPTE7Y3c9MTc5MDtkeD04NTc7ZHk9MDtmaT11bGNyb3A7aD02MDtxPTEwMDt3PTQ2/https://s.yimg.com/xe/i/us/sp/v/mlb_cutout/players_l/04112024/11625.png"
"431.p.10432","Scott","Tanner","431.l.148152.t.3","Dong Bongs","Available","","RP","RP,P","https://s.yimg.com/iu/api/res/1.2/AOwuX4kmmrLlYBEEfrc8DA--~C/YXBwaWQ9eXNwb3J0cztjaD0yMzM2O2NyPTE7Y3c9MTc5MDtkeD04NTc7ZHk9MDtmaT11bGNyb3A7aD02MDtxPTEwMDt3PTQ2/https://s.yimg.com/xe/i/us/sp/v/mlb_cutout/players_l/08052024/10432.png"
"431.p.9727","Yates","Kirby","431.l.148152.t.3","Dong Bongs","Available","","P","RP,P","https://s.yimg.com/iu/api/res/1.2/ppWwr3bNxJB4JbH4q6wqJg--~C/YXBwaWQ9eXNwb3J0cztjaD0yMzM2O2NyPTE7Y3c9MTc5MDtkeD04NTc7ZHk9MDtmaT11bGNyb3A7aD02MDtxPTEwMDt3PTQ2/https://s.yimg.com/xe/i/us/sp/v/mlb_cutout/players_l/03052024/9727.png"
"431.p.10985","Kinley","Tyler","431.l.148152.t.3","Dong Bongs","Injured","IL15 - Elbow","P","RP,P,IL","https://s.yimg.com/iu/api/res/1.2/vgxBaGP0kgLsy0xrDeDiPw--~C/YXBwaWQ9eXNwb3J0cztjaD0yMzM2O2NyPTE7Y3c9MTc5MDtkeD04NTc7ZHk9MDtmaT11bGNyb3A7aD02MDtxPTEwMDt3PTQ2/https://s.yimg.com/xe/i/us/sp/v/mlb_cutout/players_l/04182023/10985.png"
"431.p.11011","Domínguez","Seranthony","431.l.148152.t.3","Dong Bongs","Available","","P","RP,P","https://s.yimg.com/iu/api/res/1.2/ZxCbfz0zSRDgXCwAyvOpaQ--~C/YXBwaWQ9eXNwb3J0cztjaD0yMzM2O2NyPTE7Y3c9MTc5MDtkeD04NTc7ZHk9MDtmaT11bGNyb3A7aD02MDtxPTEwMDt3PTQ2/https://s.yimg.com/xe/i/us/sp/v/mlb_cutout/players_l/04122024/11011.png"
"431.p.10683","Pivetta","Nick","431.l.148152.t.3","Dong Bongs","Available","","P","SP,RP,P","https://s.yimg.com/iu/api/res/1.2/z4sPzXvhK.vnr4yHxzVvhg--~C/YXBwaWQ9eXNwb3J0cztjaD0yMzM2O2NyPTE7Y3c9MTc5MDtkeD04NTc7ZHk9MDtmaT11bGNyb3A7aD02MDtxPTEwMDt3PTQ2/https://s.yimg.com/xe/i/us/sp/v/mlb_cutout/players_l/04032024/10683.png"
"431.p.60907","Jones","Jared","431.l.148152.t.3","Dong Bongs","NotAvailable","NA","BN","SP,P","https://s.yimg.com/iu/api/res/1.2/9I23KKRpspt4Wz69zgw1aA--~C/YXBwaWQ9eXNwb3J0cztjaD0yMzM2O2NyPTE7Y3c9MTc5MDtkeD04NTc7ZHk9MDtmaT11bGNyb3A7aD02MDtxPTEwMDt3PTQ2/https://s.yimg.com/xe/i/us/sp/v/mlb_cutout/players_l/04162024/60907.png"
"431.p.11235","Webb","Logan","431.l.148152.t.3","Dong Bongs","Available","","BN","SP,P","https://s.yimg.com/iu/api/res/1.2/DW.Y83L.IHbDZXOF1Q51EQ--~C/YXBwaWQ9eXNwb3J0cztjaD0yMzM2O2NyPTE7Y3c9MTc5MDtkeD04NTc7ZHk9MDtmaT11bGNyb3A7aD02MDtxPTEwMDt3PTQ2/https://s.yimg.com/xe/i/us/sp/v/mlb_cutout/players_l/04222024/11235.png"
"431.p.10592","Flaherty","Jack","431.l.148152.t.3","Dong Bongs","Available","","BN","SP,P","https://s.yimg.com/iu/api/res/1.2/t35Rigtr8pk_DE4EF7bvRA--~C/YXBwaWQ9eXNwb3J0cztjaD0yMzM2O2NyPTE7Y3c9MTc5MDtkeD04NTc7ZHk9MDtmaT11bGNyb3A7aD02MDtxPTEwMDt3PTQ2/https://s.yimg.com/xe/i/us/sp/v/mlb_cutout/players_l/08012024/10592.8.png"
"431.p.9882","Nola","Aaron","431.l.148152.t.3","Dong Bongs","Available","","BN","SP,P","https://s.yimg.com/iu/api/res/1.2/ZRJ93pxxvJVUDiEtRHMkQA--~C/YXBwaWQ9eXNwb3J0cztjaD0yMzM2O2NyPTE7Y3c9MTc5MDtkeD04NTc7ZHk9MDtmaT11bGNyb3A7aD02MDtxPTEwMDt3PTQ2/https://s.yimg.com/xe/i/us/sp/v/mlb_cutout/players_l/04122024/9882.png"
"431.p.9584","Seager","Corey","431.l.148152.t.3","Dong Bongs","Injured","IL60 - Hip","IL","SS,Util,IL","https://s.yimg.com/iu/api/res/1.2/K64V68viaJjMmf1sgF0Tzg--~C/YXBwaWQ9eXNwb3J0cztjaD0yMzM2O2NyPTE7Y3c9MTc5MDtkeD04NTc7ZHk9MDtmaT11bGNyb3A7aD02MDtxPTEwMDt3PTQ2/https://s.yimg.com/xe/i/us/sp/v/mlb_cutout/players_l/04252024/9584.png"
"431.p.11277","Rodriguez","Grayson","431.l.148152.t.3","Dong Bongs","Injured","IL15 - Lat","IL","SP,P,IL","https://s.yimg.com/iu/api/res/1.2/sLNBdCDNSf87q3ml.Kps.w--~C/YXBwaWQ9eXNwb3J0cztjaD0yMzM2O2NyPTE7Y3c9MTc5MDtkeD04NTc7ZHk9MDtmaT11bGNyb3A7aD02MDtxPTEwMDt3PTQ2/https://s.yimg.com/xe/i/us/sp/v/mlb_cutout/players_l/04022024/11277.png"
"431.p.11732","Rutschman","Adley","431.l.148152.t.4","PHILadelphia PHILies","Available","","C","C,Util","https://s.yimg.com/iu/api/res/1.2/hbnu_DvwM7nWuJEAjeDwxw--~C/YXBwaWQ9eXNwb3J0cztjaD0yMzM2O2NyPTE7Y3c9MTc5MDtkeD04NTc7ZHk9MDtmaT11bGNyb3A7aD02MDtxPTEwMDt3PTQ2/https://s.yimg.com/xe/i/us/sp/v/mlb_cutout/players_l/04022024/11732.png"
"431.p.9846","Walker","Christian","431.l.148152.t.4","PHILadelphia PHILies","Available","","1B","1B,Util","https://s.yimg.com/iu/api/res/1.2/SiU.ZdCjfeqCK9rXKxpPJw--~C/YXBwaWQ9eXNwb3J0cztjaD0yMzM2O2NyPTE7Y3c9MTc5MDtkeD04NTc7ZHk9MDtmaT11bGNyb3A7aD02MDtxPTEwMDt3PTQ2/https://s.yimg.com/xe/i/us/sp/v/mlb_cutout/players_l/03292024/9846.png"
"431.p.11375","Edwards","Xavier","431.l.148152.t.4","PHILadelphia PHILies","Available","","2B","2B,SS,Util","https://s.yimg.com/iu/api/res/1.2/8vs5eqn1CuVjE1am0MrrYA--~C/YXBwaWQ9eXNwb3J0cztjaD0yMzM2O2NyPTE7Y3c9MTc5MDtkeD04NTc7ZHk9MDtmaT11bGNyb3A7aD02MDtxPTEwMDt3PTQ2/https://s.yimg.com/xe/i/us/sp/v/mlb_cutout/players_l/04222024/11375.png"
"431.p.10922","Vientos","Mark","431.l.148152.t.4","PHILadelphia PHILies","Available","","3B","1B,3B,Util","https://s.yimg.com/iu/api/res/1.2/Dx5P5XLXC3sqQi6c_C1Ucg--~C/YXBwaWQ9eXNwb3J0cztjaD0yMzM2O2NyPTE7Y3c9MTc5MDtkeD04NTc7ZHk9MDtmaT11bGNyb3A7aD02MDtxPTEwMDt3PTQ2/https://s.yimg.com/xe/i/us/sp/v/mlb_cutout/players_l/04052023/10922.png"
"431.p.11771","Witt Jr.","Bobby","431.l.148152.t.4","PHILadelphia PHILies","Available","","SS","SS,Util","https://s.yimg.com/iu/api/res/1.2/iZ35791BPhT9J.dpU6tjFQ--~C/YXBwaWQ9eXNwb3J0cztjaD0yMzM2O2NyPTE7Y3c9MTc5MDtkeD04NTc7ZHk9MDtmaT11bGNyb3A7aD02MDtxPTEwMDt3PTQ2/https://s.yimg.com/xe/i/us/sp/v/mlb_cutout/players_l/04192024/11771.png"
"431.p.12480","Chourio","Jackson","431.l.148152.t.4","PHILadelphia PHILies","Available","","OF","OF,Util","https://s.yimg.com/iu/api/res/1.2/k8eyXIr7_.syHP.5dcHttA--~C/YXBwaWQ9eXNwb3J0cztjaD0yMzM2O2NyPTE7Y3c9MTc5MDtkeD04NTc7ZHk9MDtmaT11bGNyb3A7aD02MDtxPTEwMDt3PTQ2/https://s.yimg.com/xe/i/us/sp/v/mlb_cutout/players_l/05032024/12480.png"
"431.p.12056","Harris II","Michael","431.l.148152.t.4","PHILadelphia PHILies","Available","","OF","OF,Util","https://s.yimg.com/iu/api/res/1.2/EsQ5EG6zfysF2h21jx5rAQ--~C/YXBwaWQ9eXNwb3J0cztjaD0yMzM2O2NyPTE7Y3c9MTc5MDtkeD04NTc7ZHk9MDtmaT11bGNyb3A7aD02MDtxPTEwMDt3PTQ2/https://s.yimg.com/xe/i/us/sp/v/mlb_cutout/players_l/04012024/12056.png"
"431.p.12369","Cowser","Colton","431.l.148152.t.4","PHILadelphia PHILies","Available","","OF","OF,Util","https://s.yimg.com/iu/api/res/1.2/t1eR20tzi1_mxCDeRCqvbg--~C/YXBwaWQ9eXNwb3J0cztjaD0yMzM2O2NyPTE7Y3c9MTc5MDtkeD04NTc7ZHk9MDtmaT11bGNyb3A7aD02MDtxPTEwMDt3PTQ2/https://s.yimg.com/xe/i/us/sp/v/mlb_cutout/players_l/04022024/12369.png"
"431.p.10056","Turner","Trea","431.l.148152.t.4","PHILadelphia PHILies","Available","","Util","SS,Util","https://s.yimg.com/iu/api/res/1.2/p6Mr37eDlmKbaUnzwpiryg--~C/YXBwaWQ9eXNwb3J0cztjaD0yMzM2O2NyPTE7Y3c9MTc5MDtkeD04NTc7ZHk9MDtmaT11bGNyb3A7aD02MDtxPTEwMDt3PTQ2/https://s.yimg.com/xe/i/us/sp/v/mlb_cutout/players_l/04122024/10056.png"
"431.p.11596","Edman","Tommy","431.l.148152.t.4","PHILadelphia PHILies","Available","","Util","2B,SS,OF,Util","https://s.yimg.com/iu/api/res/1.2/3l__ImzIxSeSt1NKzgmnmA--~C/YXBwaWQ9eXNwb3J0cztjaD0yMzM2O2NyPTE7Y3c9MTc5MDtkeD04NTc7ZHk9MDtmaT11bGNyb3A7aD02MDtxPTEwMDt3PTQ2/https://s.yimg.com/xe/i/us/sp/v/mlb_cutout/players_l/03212023/11596.png"
"431.p.8996","Altuve","Jose","431.l.148152.t.4","PHILadelphia PHILies","Available","","BN","2B,Util","https://s.yimg.com/iu/api/res/1.2/ZVSOwQ5URgpLHG_HU2qgmg--~C/YXBwaWQ9eXNwb3J0cztjaD0yMzM2O2NyPTE7Y3c9MTc5MDtkeD04NTc7ZHk9MDtmaT11bGNyb3A7aD02MDtxPTEwMDt3PTQ2/https://s.yimg.com/xe/i/us/sp/v/mlb_cutout/players_l/04182024/8996.png"
"431.p.11365","Bohm","Alec","431.l.148152.t.4","PHILadelphia PHILies","Available","","BN","1B,3B,Util","https://s.yimg.com/iu/api/res/1.2/KbTjGFN.LTnTxvKTtaxUSA--~C/YXBwaWQ9eXNwb3J0cztjaD0yMzM2O2NyPTE7Y3c9MTc5MDtkeD04NTc7ZHk9MDtmaT11bGNyb3A7aD02MDtxPTEwMDt3PTQ2/https://s.yimg.com/xe/i/us/sp/v/mlb_cutout/players_l/04122024/11365.png"
"431.p.10666","Santander","Anthony","431.l.148152.t.4","PHILadelphia PHILies","Available","","BN","1B,OF,Util","https://s.yimg.com/iu/api/res/1.2/hWvsDS8p9OyiSmi1TG3dRw--~C/YXBwaWQ9eXNwb3J0cztjaD0yMzM2O2NyPTE7Y3c9MTc5MDtkeD04NTc7ZHk9MDtmaT11bGNyb3A7aD02MDtxPTEwMDt3PTQ2/https://s.yimg.com/xe/i/us/sp/v/mlb_cutout/players_l/04022024/10666.png"
"431.p.10152","López","Reynaldo","431.l.148152.t.4","PHILadelphia PHILies","Available","","SP","SP,RP,P","https://s.yimg.com/iu/api/res/1.2/nKUkEyrHWl7A_ZMflbzHEA--~C/YXBwaWQ9eXNwb3J0cztjaD0yMzM2O2NyPTE7Y3c9MTc5MDtkeD04NTc7ZHk9MDtmaT11bGNyb3A7aD02MDtxPTEwMDt3PTQ2/https://s.yimg.com/xe/i/us/sp/v/mlb_cutout/players_l/08292024/10152.1724967234.png"
"431.p.11381","Gilbert","Logan","431.l.148152.t.4","PHILadelphia PHILies","Available","","SP","SP,P","https://s.yimg.com/iu/api/res/1.2/ij__vWnHtn2TwzcpU106Tw--~C/YXBwaWQ9eXNwb3J0cztjaD0yMzM2O2NyPTE7Y3c9MTc5MDtkeD04NTc7ZHk9MDtmaT11bGNyb3A7aD02MDtxPTEwMDt3PTQ2/https://s.yimg.com/xe/i/us/sp/v/mlb_cutout/players_l/03282024/11381.png"
"431.p.11709","Finnegan","Kyle","431.l.148152.t.4","PHILadelphia PHILies","Available","","RP","RP,P","https://s.yimg.com/iu/api/res/1.2/ToBr6S.64vnaJ.EPWqQzyg--~C/YXBwaWQ9eXNwb3J0cztjaD0yMzM2O2NyPTE7Y3c9MTc5MDtkeD04NTc7ZHk9MDtmaT11bGNyb3A7aD02MDtxPTEwMDt3PTQ2/https://s.yimg.com/xe/i/us/sp/v/mlb_cutout/players_l/04282024/11709.png"
"431.p.12354","Suarez","Robert","431.l.148152.t.4","PHILadelphia PHILies","Available","","RP","RP,P","https://s.yimg.com/iu/api/res/1.2/DNhwG61Wj3cnEaLWzxzQ2g--~C/YXBwaWQ9eXNwb3J0cztjaD0yMzM2O2NyPTE7Y3c9MTc5MDtkeD04NTc7ZHk9MDtmaT11bGNyb3A7aD02MDtxPTEwMDt3PTQ2/https://s.yimg.com/xe/i/us/sp/v/mlb_cutout/players_l/04172024/12354.png"
"431.p.9123","Taillon","Jameson","431.l.148152.t.4","PHILadelphia PHILies","Available","","P","SP,P","https://s.yimg.com/iu/api/res/1.2/kwT3KthXWQzw97Dh_Wma2A--~C/YXBwaWQ9eXNwb3J0cztjaD0yMzM2O2NyPTE7Y3c9MTc5MDtkeD04NTc7ZHk9MDtmaT11bGNyb3A7aD02MDtxPTEwMDt3PTQ2/https://s.yimg.com/xe/i/us/sp/v/mlb_cutout/players_l/04082024/9123.png"
"431.p.61627","Walker","Ryan","431.l.148152.t.4","PHILadelphia PHILies","Available","","P","SP,RP,P","https://s.yimg.com/iu/api/res/1.2/aupCi.YH9pLxzKoKbe8uug--~C/YXBwaWQ9eXNwb3J0cztjaD0yMzM2O2NyPTE7Y3c9MTc5MDtkeD04NTc7ZHk9MDtmaT11bGNyb3A7aD02MDtxPTEwMDt3PTQ2/https://s.yimg.com/xe/i/us/sp/v/mlb_cutout/players_l/03052024/61627.png"
"431.p.9620","Fried","Max","431.l.148152.t.4","PHILadelphia PHILies","Available","","P","SP,P","https://s.yimg.com/iu/api/res/1.2/zrQ1a_xP.9GWHwkVi62UqA--~C/YXBwaWQ9eXNwb3J0cztjaD0yMzM2O2NyPTE7Y3c9MTc5MDtkeD04NTc7ZHk9MDtmaT11bGNyb3A7aD02MDtxPTEwMDt3PTQ2/https://s.yimg.com/xe/i/us/sp/v/mlb_cutout/players_l/04012024/9620.png"
"431.p.10610","Ragans","Cole","431.l.148152.t.4","PHILadelphia PHILies","Available","","P","SP,RP,P","https://s.yimg.com/iu/api/res/1.2/tmc6n0liu6xqO97PwlqEzg--~C/YXBwaWQ9eXNwb3J0cztjaD0yMzM2O2NyPTE7Y3c9MTc5MDtkeD04NTc7ZHk9MDtmaT11bGNyb3A7aD02MDtxPTEwMDt3PTQ2/https://s.yimg.com/xe/i/us/sp/v/mlb_cutout/players_l/04192024/10610.png"
"431.p.11689","Gil","Luis","431.l.148152.t.4","PHILadelphia PHILies","Available","","BN","SP,P","https://s.yimg.com/iu/api/res/1.2/AQKh8G8pryg_nU2sUKhLTw--~C/YXBwaWQ9eXNwb3J0cztjaD0yMzM2O2NyPTE7Y3c9MTc5MDtkeD04NTc7ZHk9MDtmaT11bGNyb3A7aD02MDtxPTEwMDt3PTQ2/https://s.yimg.com/xe/i/us/sp/v/mlb_cutout/players_l/04102024/11689.png"
"431.p.12435","Diaz","Yainer","431.l.148152.t.5","South Bay Soyboys","Available","","C","C,1B,Util","https://s.yimg.com/iu/api/res/1.2/u3jdruzd10IQe9IjkbqxeQ--~C/YXBwaWQ9eXNwb3J0cztjaD0yMzM2O2NyPTE7Y3c9MTc5MDtkeD04NTc7ZHk9MDtmaT11bGNyb3A7aD02MDtxPTEwMDt3PTQ2/https://s.yimg.com/xe/i/us/sp/v/mlb_cutout/players_l/04182024/12435.png"
"431.p.10465","Díaz","Yandy","431.l.148152.t.5","South Bay Soyboys","Available","","1B","1B,3B,Util","https://s.yimg.com/iu/api/res/1.2/dPdTgSjN3k5M6j8RJ0DfXA--~C/YXBwaWQ9eXNwb3J0cztjaD0yMzM2O2NyPTE7Y3c9MTc5MDtkeD04NTc7ZHk9MDtmaT11bGNyb3A7aD02MDtxPTEwMDt3PTQ2/https://s.yimg.com/xe/i/us/sp/v/mlb_cutout/players_l/04232024/10465.png"
"431.p.10236","Torres","Gleyber","431.l.148152.t.5","South Bay Soyboys","Available","","2B","2B,Util","https://s.yimg.com/iu/api/res/1.2/.KexzmRBUcKNmS0TyVMNOw--~C/YXBwaWQ9eXNwb3J0cztjaD0yMzM2O2NyPTE7Y3c9MTc5MDtkeD04NTc7ZHk9MDtmaT11bGNyb3A7aD02MDtxPTEwMDt3PTQ2/https://s.yimg.com/xe/i/us/sp/v/mlb_cutout/players_l/04102024/10236.png"
"431.p.9750","Polanco","Jorge","431.l.148152.t.5","South Bay Soyboys","Available","","3B","2B,3B,Util","https://s.yimg.com/iu/api/res/1.2/MX3IsXztWt7xoAIEnG87yA--~C/YXBwaWQ9eXNwb3J0cztjaD0yMzM2O2NyPTE7Y3c9MTc5MDtkeD04NTc7ZHk9MDtmaT11bGNyb3A7aD02MDtxPTEwMDt3PTQ2/https://s.yimg.com/xe/i/us/sp/v/mlb_cutout/players_l/02282024/9750.png"
"431.p.11370","Cruz","Oneil","431.l.148152.t.5","South Bay Soyboys","Available","","SS","SS,OF,Util","https://s.yimg.com/iu/api/res/1.2/hMgXFHfb0YCFsmyNYfCrLA--~C/YXBwaWQ9eXNwb3J0cztjaD0yMzM2O2NyPTE7Y3c9MTc5MDtkeD04NTc7ZHk9MDtmaT11bGNyb3A7aD02MDtxPTEwMDt3PTQ2/https://s.yimg.com/xe/i/us/sp/v/mlb_cutout/players_l/04162024/11370.png"
"431.p.10883","Alvarez","Yordan","431.l.148152.t.5","South Bay Soyboys","Questionable","DTD - Knee","OF","OF,Util","https://s.yimg.com/iu/api/res/1.2/jss1pyICU45GVCEZ4xWTOg--~C/YXBwaWQ9eXNwb3J0cztjaD0yMzM2O2NyPTE7Y3c9MTc5MDtkeD04NTc7ZHk9MDtmaT11bGNyb3A7aD02MDtxPTEwMDt3PTQ2/https://s.yimg.com/xe/i/us/sp/v/mlb_cutout/players_l/04182024/10883.png"
"431.p.9108","Castellanos","Nick","431.l.148152.t.5","South Bay Soyboys","Available","","OF","OF,Util","https://s.yimg.com/iu/api/res/1.2/NnXPuC0LczK6oVzYlQnm4Q--~C/YXBwaWQ9eXNwb3J0cztjaD0yMzM2O2NyPTE7Y3c9MTc5MDtkeD04NTc7ZHk9MDtmaT11bGNyb3A7aD02MDtxPTEwMDt3PTQ2/https://s.yimg.com/xe/i/us/sp/v/mlb_cutout/players_l/04122024/9108.png"
"431.p.11104","Arozarena","Randy","431.l.148152.t.5","South Bay Soyboys","Available","","OF","OF,Util","https://s.yimg.com/iu/api/res/1.2/rPXYgWVnyxyagdD53lcDSQ--~C/YXBwaWQ9eXNwb3J0cztjaD0yMzM2O2NyPTE7Y3c9MTc5MDtkeD04NTc7ZHk9MDtmaT11bGNyb3A7aD02MDtxPTEwMDt3PTQ2/https://s.yimg.com/xe/i/us/sp/v/mlb_cutout/players_l/07312024/11104.2.png"
"431.p.11292","India","Jonathan","431.l.148152.t.5","South Bay Soyboys","Available","","Util","2B,Util","https://s.yimg.com/iu/api/res/1.2/d1ExRj.cZ8oKn4FhUq2mJA--~C/YXBwaWQ9eXNwb3J0cztjaD0yMzM2O2NyPTE7Y3c9MTc5MDtkeD04NTc7ZHk9MDtmaT11bGNyb3A7aD02MDtxPTEwMDt3PTQ2/https://s.yimg.com/xe/i/us/sp/v/mlb_cutout/players_l/04102024/11292.png"
"431.p.8658","Freeman","Freddie","431.l.148152.t.5","South Bay Soyboys","Questionable","DTD - Ankle","Util","1B,Util","https://s.yimg.com/iu/api/res/1.2/9ekVvmuxq6xffK0wmjzyog--~C/YXBwaWQ9eXNwb3J0cztjaD0yMzM2O2NyPTE7Y3c9MTc5MDtkeD04NTc7ZHk9MDtmaT11bGNyb3A7aD02MDtxPTEwMDt3PTQ2/https://s.yimg.com/xe/i/us/sp/v/mlb_cutout/players_l/03082024/8658.png"
"431.p.9517","Semien","Marcus","431.l.148152.t.5","South Bay Soyboys","Available","","BN","2B,Util","https://s.yimg.com/iu/api/res/1.2/NaF0MGcj3fnrXcRDLq_9_A--~C/YXBwaWQ9eXNwb3J0cztjaD0yMzM2O2NyPTE7Y3c9MTc5MDtkeD04NTc7ZHk9MDtmaT11bGNyb3A7aD02MDtxPTEwMDt3PTQ2/https://s.yimg.com/xe/i/us/sp/v/mlb_cutout/players_l/04252024/9517.png"
"431.p.11127","García","Adolis","431.l.148152.t.5","South Bay Soyboys","Questionable","DTD - Knee","BN","OF,Util","https://s.yimg.com/iu/api/res/1.2/VUzt67Kmnlw.LLjvcMqgFA--~C/YXBwaWQ9eXNwb3J0cztjaD0yMzM2O2NyPTE7Y3c9MTc5MDtkeD04NTc7ZHk9MDtmaT11bGNyb3A7aD02MDtxPTEwMDt3PTQ2/https://s.yimg.com/xe/i/us/sp/v/mlb_cutout/players_l/04252024/11127.png"
"431.p.12667","Carpenter","Kerry","431.l.148152.t.5","South Bay Soyboys","Available","","BN","OF,Util","https://s.yimg.com/iu/api/res/1.2/Chs8ww9ai1y6tQdh0hmu0w--~C/YXBwaWQ9eXNwb3J0cztjaD0yMzM2O2NyPTE7Y3c9MTc5MDtkeD04NTc7ZHk9MDtmaT11bGNyb3A7aD02MDtxPTEwMDt3PTQ2/https://s.yimg.com/xe/i/us/sp/v/mlb_cutout/players_l/04152024/12667.png"
"431.p.10514","Castillo","Luis","431.l.148152.t.5","South Bay Soyboys","Injured","IL15 - Hamstring","SP","SP,P,IL","https://s.yimg.com/iu/api/res/1.2/wjQjdhxES.mv1day5loZ5w--~C/YXBwaWQ9eXNwb3J0cztjaD0yMzM2O2NyPTE7Y3c9MTc5MDtkeD04NTc7ZHk9MDtmaT11bGNyb3A7aD02MDtxPTEwMDt3PTQ2/https://s.yimg.com/xe/i/us/sp/v/mlb_cutout/players_l/03282024/10514.png"
"431.p.9007","Eovaldi","Nathan","431.l.148152.t.5","South Bay Soyboys","Available","","SP","SP,P","https://s.yimg.com/iu/api/res/1.2/yoRcyP9jleFNHnAX4Ybvhw--~C/YXBwaWQ9eXNwb3J0cztjaD0yMzM2O2NyPTE7Y3c9MTc5MDtkeD04NTc7ZHk9MDtmaT11bGNyb3A7aD02MDtxPTEwMDt3PTQ2/https://s.yimg.com/xe/i/us/sp/v/mlb_cutout/players_l/04252024/9007.png"
"431.p.9779","Neris","Héctor","431.l.148152.t.5","South Bay Soyboys","Available","","RP","RP,P","https://s.yimg.com/iu/api/res/1.2/wLBBTEXp5wZl_QWK8BUYsg--~C/YXBwaWQ9eXNwb3J0cztjaD0yMzM2O2NyPTE7Y3c9MTc5MDtkeD04NTc7ZHk9MDtmaT11bGNyb3A7aD02MDtxPTEwMDt3PTQ2/https://s.yimg.com/xe/i/us/sp/v/mlb_cutout/players_l/03012024/9779.png"
"431.p.9547","Harvey","Hunter","431.l.148152.t.5","South Bay Soyboys","Injured","IL15 - Back","RP","RP,P,IL","https://s.yimg.com/iu/api/res/1.2/GEkIdwssMJuuEC6kte8zqw--~C/YXBwaWQ9eXNwb3J0cztjaD0yMzM2O2NyPTE7Y3c9MTc5MDtkeD04NTc7ZHk9MDtmaT11bGNyb3A7aD02MDtxPTEwMDt3PTQ2/https://s.yimg.com/xe/i/us/sp/v/mlb_cutout/players_l/08052024/9547.png"
"431.p.10214","Díaz","Edwin","431.l.148152.t.5","South Bay Soyboys","Available","","P","RP,P","https://s.yimg.com/iu/api/res/1.2/_JaNsuS6sZiKe0a.kC6xUA--~C/YXBwaWQ9eXNwb3J0cztjaD0yMzM2O2NyPTE7Y3c9MTc5MDtkeD04NTc7ZHk9MDtmaT11bGNyb3A7aD02MDtxPTEwMDt3PTQ2/https://s.yimg.com/xe/i/us/sp/v/mlb_cutout/players_l/04032024/10214.png"
"431.p.12540","Miller","Bryce","431.l.148152.t.5","South Bay Soyboys","Injured","IL15 - Finger","P","SP,P,IL","https://s.yimg.com/iu/api/res/1.2/9749K7M.HOpQVKrJI8h3eA--~C/YXBwaWQ9eXNwb3J0cztjaD0yMzM2O2NyPTE7Y3c9MTc5MDtkeD04NTc7ZHk9MDtmaT11bGNyb3A7aD02MDtxPTEwMDt3PTQ2/https://s.yimg.com/xe/i/us/sp/v/mlb_cutout/players_l/03282024/12540.png"
"431.p.10858","Alzolay","Adbert","431.l.148152.t.5","South Bay Soyboys","Injured","IL60 - Elbow","P","RP,P,IL","https://s.yimg.com/iu/api/res/1.2/qZz7E2ak.8CfwG6IQmykLA--~C/YXBwaWQ9eXNwb3J0cztjaD0yMzM2O2NyPTE7Y3c9MTc5MDtkeD04NTc7ZHk9MDtmaT11bGNyb3A7aD02MDtxPTEwMDt3PTQ2/https://s.yimg.com/xe/i/us/sp/v/mlb_cutout/players_l/04082024/10858.png"
"431.p.63515","Matsui","Yuki","431.l.148152.t.5","South Bay Soyboys","Available","","P","RP,P","https://s.yimg.com/iu/api/res/1.2/CC22fglJUa_T3iyI1rBicA--~C/YXBwaWQ9eXNwb3J0cztjaD0yMzM2O2NyPTE7Y3c9MTc5MDtkeD04NTc7ZHk9MDtmaT11bGNyb3A7aD02MDtxPTEwMDt3PTQ2/https://s.yimg.com/xe/i/us/sp/v/mlb_cutout/players_l/04172024/63515.png"
"431.p.11138","Valdez","Framber","431.l.148152.t.5","South Bay Soyboys","Available","","BN","SP,P","https://s.yimg.com/iu/api/res/1.2/mbYCA36Nq0U2h_aDU1wiOw--~C/YXBwaWQ9eXNwb3J0cztjaD0yMzM2O2NyPTE7Y3c9MTc5MDtkeD04NTc7ZHk9MDtmaT11bGNyb3A7aD02MDtxPTEwMDt3PTQ2/https://s.yimg.com/xe/i/us/sp/v/mlb_cutout/players_l/04182024/11138.png"
"431.p.10970","Cortes","Nestor","431.l.148152.t.5","South Bay Soyboys","Injured","IL15 - Elbow","BN","SP,P,IL","https://s.yimg.com/iu/api/res/1.2/W_s2jic.GVJV8fEaaltA9A--~C/YXBwaWQ9eXNwb3J0cztjaD0yMzM2O2NyPTE7Y3c9MTc5MDtkeD04NTc7ZHk9MDtmaT11bGNyb3A7aD02MDtxPTEwMDt3PTQ2/https://s.yimg.com/xe/i/us/sp/v/mlb_cutout/players_l/04102024/10970.png"
"431.p.11850","Jung","Josh","431.l.148152.t.5","South Bay Soyboys","Injured","IL10 - Wrist","IL","3B,Util,IL","https://s.yimg.com/iu/api/res/1.2/yiEBQlfYmGtf.05_mIQWuw--~C/YXBwaWQ9eXNwb3J0cztjaD0yMzM2O2NyPTE7Y3c9MTc5MDtkeD04NTc7ZHk9MDtmaT11bGNyb3A7aD02MDtxPTEwMDt3PTQ2/https://s.yimg.com/xe/i/us/sp/v/mlb_cutout/players_l/04252024/11850.png"
"431.p.11531","Raleigh","Cal","431.l.148152.t.6","Wish ppl still cared ab BB","Available","","C","C,Util","https://s.yimg.com/iu/api/res/1.2/7Ttv5zDLxwSik0A5r76F2Q--~C/YXBwaWQ9eXNwb3J0cztjaD0yMzM2O2NyPTE7Y3c9MTc5MDtkeD04NTc7ZHk9MDtmaT11bGNyb3A7aD02MDtxPTEwMDt3PTQ2/https://s.yimg.com/xe/i/us/sp/v/mlb_cutout/players_l/03282024/11531.png"
"431.p.10918","Alonso","Pete","431.l.148152.t.6","Wish ppl still cared ab BB","Available","","1B","1B,Util","https://s.yimg.com/iu/api/res/1.2/JzI.DyKOaH0YhVA3rMrC8w--~C/YXBwaWQ9eXNwb3J0cztjaD0yMzM2O2NyPTE7Y3c9MTc5MDtkeD04NTc7ZHk9MDtmaT11bGNyb3A7aD02MDtxPTEwMDt3PTQ2/https://s.yimg.com/xe/i/us/sp/v/mlb_cutout/players_l/04052023/10918.png"
"431.p.10036","Marte","Ketel","431.l.148152.t.6","Wish ppl still cared ab BB","Available","","2B","2B,Util","https://s.yimg.com/iu/api/res/1.2/KvvF47R2wyrnunpRnMcDZQ--~C/YXBwaWQ9eXNwb3J0cztjaD0yMzM2O2NyPTE7Y3c9MTc5MDtkeD04NTc7ZHk9MDtmaT11bGNyb3A7aD02MDtxPTEwMDt3PTQ2/https://s.yimg.com/xe/i/us/sp/v/mlb_cutout/players_l/03292024/10036.png"
"431.p.10183","Bregman","Alex","431.l.148152.t.6","Wish ppl still cared ab BB","Available","","3B","3B,Util","https://s.yimg.com/iu/api/res/1.2/u2RqmfS5EdyXQEwaYnAt6w--~C/YXBwaWQ9eXNwb3J0cztjaD0yMzM2O2NyPTE7Y3c9MTc5MDtkeD04NTc7ZHk9MDtmaT11bGNyb3A7aD02MDtxPTEwMDt3PTQ2/https://s.yimg.com/xe/i/us/sp/v/mlb_cutout/players_l/04182024/10183.png"
"431.p.11284","Hoerner","Nico","431.l.148152.t.6","Wish ppl still cared ab BB","Available","","SS","2B,SS,Util","https://s.yimg.com/iu/api/res/1.2/MmtwttfwPVnsSQ1xhsS_VQ--~C/YXBwaWQ9eXNwb3J0cztjaD0yMzM2O2NyPTE7Y3c9MTc5MDtkeD04NTc7ZHk9MDtmaT11bGNyb3A7aD02MDtxPTEwMDt3PTQ2/https://s.yimg.com/xe/i/us/sp/v/mlb_cutout/players_l/04082024/11284.png"
"431.p.11760","Greene","Riley","431.l.148152.t.6","Wish ppl still cared ab BB","Available","","OF","OF,Util","https://s.yimg.com/iu/api/res/1.2/gTey2PaQaB1FIPXi8vilcg--~C/YXBwaWQ9eXNwb3J0cztjaD0yMzM2O2NyPTE7Y3c9MTc5MDtkeD04NTc7ZHk9MDtmaT11bGNyb3A7aD02MDtxPTEwMDt3PTQ2/https://s.yimg.com/xe/i/us/sp/v/mlb_cutout/players_l/04152024/11760.png"
"431.p.12522","Merrill","Jackson","431.l.148152.t.6","Wish ppl still cared ab BB","Available","","OF","SS,OF,Util","https://s.yimg.com/iu/api/res/1.2/d7av.vpIePKxmPXQRbU5ag--~C/YXBwaWQ9eXNwb3J0cztjaD0yMzM2O2NyPTE7Y3c9MTc5MDtkeD04NTc7ZHk9MDtmaT11bGNyb3A7aD02MDtxPTEwMDt3PTQ2/https://s.yimg.com/xe/i/us/sp/v/mlb_cutout/players_l/04172024/12522.png"
"431.p.10480","Tucker","Kyle","431.l.148152.t.6","Wish ppl still cared ab BB","Available","","OF","OF,Util","https://s.yimg.com/iu/api/res/1.2/4kp.tJLOIy9jVnwZdoyAuQ--~C/YXBwaWQ9eXNwb3J0cztjaD0yMzM2O2NyPTE7Y3c9MTc5MDtkeD04NTc7ZHk9MDtmaT11bGNyb3A7aD02MDtxPTEwMDt3PTQ2/https://s.yimg.com/xe/i/us/sp/v/mlb_cutout/players_l/04182024/10480.png"
"431.p.9893","Adames","Willy","431.l.148152.t.6","Wish ppl still cared ab BB","Available","","Util","SS,Util","https://s.yimg.com/iu/api/res/1.2/kx35hpXFJkb9d9f8wxgUiw--~C/YXBwaWQ9eXNwb3J0cztjaD0yMzM2O2NyPTE7Y3c9MTc5MDtkeD04NTc7ZHk9MDtmaT11bGNyb3A7aD02MDtxPTEwMDt3PTQ2/https://s.yimg.com/xe/i/us/sp/v/mlb_cutout/players_l/05032024/9893.png"
"431.p.9116","Lindor","Francisco","431.l.148152.t.6","Wish ppl still cared ab BB","Available","","Util","SS,Util","https://s.yimg.com/iu/api/res/1.2/BYbJS9TAzHBhjyrnUEAmDw--~C/YXBwaWQ9eXNwb3J0cztjaD0yMzM2O2NyPTE7Y3c9MTc5MDtkeD04NTc7ZHk9MDtmaT11bGNyb3A7aD02MDtxPTEwMDt3PTQ2/https://s.yimg.com/xe/i/us/sp/v/mlb_cutout/players_l/04032024/9116.png"
"431.p.10440","Happ","Ian","431.l.148152.t.6","Wish ppl still cared ab BB","Available","","BN","OF,Util","https://s.yimg.com/iu/api/res/1.2/J_BvGRIJupjqLjHgPCbICA--~C/YXBwaWQ9eXNwb3J0cztjaD0yMzM2O2NyPTE7Y3c9MTc5MDtkeD04NTc7ZHk9MDtmaT11bGNyb3A7aD02MDtxPTEwMDt3PTQ2/https://s.yimg.com/xe/i/us/sp/v/mlb_cutout/players_l/04082024/10440.png"
"431.p.11735","Duran","Jarren","431.l.148152.t.6","Wish ppl still cared ab BB","Available","","BN","OF,Util","https://s.yimg.com/iu/api/res/1.2/Jgaa8gZb9SYqH3nw_DJs5Q--~C/YXBwaWQ9eXNwb3J0cztjaD0yMzM2O2NyPTE7Y3c9MTc5MDtkeD04NTc7ZHk9MDtmaT11bGNyb3A7aD02MDtxPTEwMDt3PTQ2/https://s.yimg.com/xe/i/us/sp/v/mlb_cutout/players_l/04032024/11735.png"
"431.p.10934","Baz","Shane","431.l.148152.t.6","Wish ppl still cared ab BB","Available","","SP","SP,P","https://s.yimg.com/iu/api/res/1.2/80vnUG55j6CJfsgW2pj4mA--~C/YXBwaWQ9eXNwb3J0cztjaD0yMzM2O2NyPTE7Y3c9MTc5MDtkeD04NTc7ZHk9MDtmaT11bGNyb3A7aD02MDtxPTEwMDt3PTQ2/https://s.yimg.com/xe/i/us/sp/v/mlb_cutout/players_l/06042022/10934.png"
"431.p.12096","Ober","Bailey","431.l.148152.t.6","Wish ppl still cared ab BB","Available","","SP","SP,P","https://s.yimg.com/iu/api/res/1.2/r2ohEY2jyy3bryBgPJjzWg--~C/YXBwaWQ9eXNwb3J0cztjaD0yMzM2O2NyPTE7Y3c9MTc5MDtkeD04NTc7ZHk9MDtmaT11bGNyb3A7aD02MDtxPTEwMDt3PTQ2/https://s.yimg.com/xe/i/us/sp/v/mlb_cutout/players_l/04012024/12096.png"
"431.p.10131","Hader","Josh","431.l.148152.t.6","Wish ppl still cared ab BB","Available","","RP","RP,P","https://s.yimg.com/iu/api/res/1.2/HKDABE8DsfztSdJCPHnH1g--~C/YXBwaWQ9eXNwb3J0cztjaD0yMzM2O2NyPTE7Y3c9MTc5MDtkeD04NTc7ZHk9MDtmaT11bGNyb3A7aD02MDtxPTEwMDt3PTQ2/https://s.yimg.com/xe/i/us/sp/v/mlb_cutout/players_l/03062024/10131.png"
"431.p.11526","Muñoz","Andrés","431.l.148152.t.6","Wish ppl still cared ab BB","Available","","RP","RP,P","https://s.yimg.com/iu/api/res/1.2/7xS5rFRdtGO7kZib6rEGFw--~C/YXBwaWQ9eXNwb3J0cztjaD0yMzM2O2NyPTE7Y3c9MTc5MDtkeD04NTc7ZHk9MDtmaT11bGNyb3A7aD02MDtxPTEwMDt3PTQ2/https://s.yimg.com/xe/i/us/sp/v/mlb_cutout/players_l/03282024/11526.png"
"431.p.12301","Díaz","Alexis","431.l.148152.t.6","Wish ppl still cared ab BB","Available","","P","RP,P","https://s.yimg.com/iu/api/res/1.2/6n0JqBI7HzPe.cKTzgH5bQ--~C/YXBwaWQ9eXNwb3J0cztjaD0yMzM2O2NyPTE7Y3c9MTc5MDtkeD04NTc7ZHk9MDtmaT11bGNyb3A7aD02MDtxPTEwMDt3PTQ2/https://s.yimg.com/xe/i/us/sp/v/mlb_cutout/players_l/04102024/12301.png"
"431.p.63423","Yamamoto","Yoshinobu","431.l.148152.t.6","Wish ppl still cared ab BB","Available","","P","SP,P","https://s.yimg.com/iu/api/res/1.2/QAOBRLNHqMWc7KwxiIxh8g--~C/YXBwaWQ9eXNwb3J0cztjaD0yMzM2O2NyPTE7Y3c9MTc5MDtkeD04NTc7ZHk9MDtmaT11bGNyb3A7aD02MDtxPTEwMDt3PTQ2/https://s.yimg.com/xe/i/us/sp/v/mlb_cutout/players_l/04012024/63423.png"
"431.p.8652","Pérez","Martín","431.l.148152.t.6","Wish ppl still cared ab BB","Available","","P","SP,RP,P","https://s.yimg.com/iu/api/res/1.2/J9aGL5m8aOZuVFuD4phHDw--~C/YXBwaWQ9eXNwb3J0cztjaD0yMzM2O2NyPTE7Y3c9MTc5MDtkeD04NTc7ZHk9MDtmaT11bGNyb3A7aD02MDtxPTEwMDt3PTQ2/https://s.yimg.com/xe/i/us/sp/v/mlb_cutout/players_l/08122024/8652.png"
"431.p.11495","Duran","Jhoan","431.l.148152.t.6","Wish ppl still cared ab BB","Available","","BN","RP,P","https://s.yimg.com/iu/api/res/1.2/kB1xDf1XpY2urJMDZIwi9w--~C/YXBwaWQ9eXNwb3J0cztjaD0yMzM2O2NyPTE7Y3c9MTc5MDtkeD04NTc7ZHk9MDtmaT11bGNyb3A7aD02MDtxPTEwMDt3PTQ2/https://s.yimg.com/xe/i/us/sp/v/mlb_cutout/players_l/04112023/11495.png"
"431.p.11763","Skubal","Tarik","431.l.148152.t.6","Wish ppl still cared ab BB","Available","","BN","SP,P","https://s.yimg.com/iu/api/res/1.2/R2mfaQKsgHdWIKTlxG2VrQ--~C/YXBwaWQ9eXNwb3J0cztjaD0yMzM2O2NyPTE7Y3c9MTc5MDtkeD04NTc7ZHk9MDtmaT11bGNyb3A7aD02MDtxPTEwMDt3PTQ2/https://s.yimg.com/xe/i/us/sp/v/mlb_cutout/players_l/04152024/11763.png"
"431.p.11774","Kochanowicz","Jack","431.l.148152.t.6","Wish ppl still cared ab BB","Available","","BN","SP,P","https://s.yimg.com/iu/api/res/1.2/Fy2HcNOvhyRto3flKIM3Dg--~C/YXBwaWQ9eXNwb3J0cztjaD0yMzM2O2NyPTE7Y3c9MTc5MDtkeD04NTc7ZHk9MDtmaT11bGNyb3A7aD02MDtxPTEwMDt3PTQ2/https://s.yimg.com/xe/i/us/sp/v/mlb_cutout/players_l/03072024/11774.png"
"431.p.11268","Contreras","William","431.l.148152.t.7","Mariachi Sluggers","Available","","C","C,Util","https://s.yimg.com/iu/api/res/1.2/ZuJWm7uiNlXPekmfW_lKDw--~C/YXBwaWQ9eXNwb3J0cztjaD0yMzM2O2NyPTE7Y3c9MTc5MDtkeD04NTc7ZHk9MDtmaT11bGNyb3A7aD02MDtxPTEwMDt3PTQ2/https://s.yimg.com/xe/i/us/sp/v/mlb_cutout/players_l/03082024/11268.png"
"431.p.11090","Lowe","Nathaniel","431.l.148152.t.7","Mariachi Sluggers","Available","","1B","1B,Util","https://s.yimg.com/iu/api/res/1.2/gruRptWNus26O5tUGFESRw--~C/YXBwaWQ9eXNwb3J0cztjaD0yMzM2O2NyPTE7Y3c9MTc5MDtkeD04NTc7ZHk9MDtmaT11bGNyb3A7aD02MDtxPTEwMDt3PTQ2/https://s.yimg.com/xe/i/us/sp/v/mlb_cutout/players_l/04252024/11090.png"
"431.p.10175","McMahon","Ryan","431.l.148152.t.7","Mariachi Sluggers","Available","","2B","2B,3B,Util","https://s.yimg.com/iu/api/res/1.2/QGOExXDibN5qMgZiW498mQ--~C/YXBwaWQ9eXNwb3J0cztjaD0yMzM2O2NyPTE7Y3c9MTc5MDtkeD04NTc7ZHk9MDtmaT11bGNyb3A7aD02MDtxPTEwMDt3PTQ2/https://s.yimg.com/xe/i/us/sp/v/mlb_cutout/players_l/04182023/10175.png"
"431.p.10839","Chisholm Jr.","Jazz","431.l.148152.t.7","Mariachi Sluggers","Available","","3B","3B,OF,Util","https://s.yimg.com/iu/api/res/1.2/w1wD2UIx8Dg0AYL7oLOrlg--~C/YXBwaWQ9eXNwb3J0cztjaD0yMzM2O2NyPTE7Y3c9MTc5MDtkeD04NTc7ZHk9MDtmaT11bGNyb3A7aD02MDtxPTEwMDt3PTQ2/https://s.yimg.com/xe/i/us/sp/v/mlb_cutout/players_l/07312024/10839.2.png"
"431.p.11768","Peña","Jeremy","431.l.148152.t.7","Mariachi Sluggers","Available","","SS","SS,Util","https://s.yimg.com/iu/api/res/1.2/1Rw4AoSWpXmYtHQTUvlQig--~C/YXBwaWQ9eXNwb3J0cztjaD0yMzM2O2NyPTE7Y3c9MTc5MDtkeD04NTc7ZHk9MDtmaT11bGNyb3A7aD02MDtxPTEwMDt3PTQ2/https://s.yimg.com/xe/i/us/sp/v/mlb_cutout/players_l/04182024/11768.png"
"431.p.10868","Castro","Willi","431.l.148152.t.7","Mariachi Sluggers","Available","","OF","2B,3B,SS,OF,Util","https://s.yimg.com/iu/api/res/1.2/hL0ITo1iUG73lzNF7Mz53Q--~C/YXBwaWQ9eXNwb3J0cztjaD0yMzM2O2NyPTE7Y3c9MTc5MDtkeD04NTc7ZHk9MDtmaT11bGNyb3A7aD02MDtxPTEwMDt3PTQ2/https://s.yimg.com/xe/i/us/sp/v/mlb_cutout/players_l/04012024/10868.png"
"431.p.10504","Bellinger","Cody","431.l.148152.t.7","Mariachi Sluggers","Available","","OF","1B,OF,Util","https://s.yimg.com/iu/api/res/1.2/aQAWMXWxbqpOLU0nQ2qqkA--~C/YXBwaWQ9eXNwb3J0cztjaD0yMzM2O2NyPTE7Y3c9MTc5MDtkeD04NTc7ZHk9MDtmaT11bGNyb3A7aD02MDtxPTEwMDt3PTQ2/https://s.yimg.com/xe/i/us/sp/v/mlb_cutout/players_l/03072023/10504.1.png"
"431.p.10496","Ward","Taylor","431.l.148152.t.7","Mariachi Sluggers","Available","","OF","OF,Util","https://s.yimg.com/iu/api/res/1.2/Mp5nWSMFhOmYh3D6zGZesQ--~C/YXBwaWQ9eXNwb3J0cztjaD0yMzM2O2NyPTE7Y3c9MTc5MDtkeD04NTc7ZHk9MDtmaT11bGNyb3A7aD02MDtxPTEwMDt3PTQ2/https://s.yimg.com/xe/i/us/sp/v/mlb_cutout/players_l/04172023/10496.png"
"431.p.11692","Cronenworth","Jake","431.l.148152.t.7","Mariachi Sluggers","Available","","Util","1B,2B,Util","https://s.yimg.com/iu/api/res/1.2/uRhfykPtVvBoHVmuJKmoJg--~C/YXBwaWQ9eXNwb3J0cztjaD0yMzM2O2NyPTE7Y3c9MTc5MDtkeD04NTc7ZHk9MDtmaT11bGNyb3A7aD02MDtxPTEwMDt3PTQ2/https://s.yimg.com/xe/i/us/sp/v/mlb_cutout/players_l/04172024/11692.png"
"431.p.1000001","Ohtani (Batter)","Shohei","431.l.148152.t.7","Mariachi Sluggers","Available","","Util","Util","https://s.yimg.com/iu/api/res/1.2/dDaruV5lDgBl4i3E4VRm3g--~C/YXBwaWQ9eXNwb3J0cztjaD0yMzM2O2NyPTE7Y3c9MTc5MDtkeD04NTc7ZHk9MDtmaT11bGNyb3A7aD02MDtxPTEwMDt3PTQ2/https://s.yimg.com/xe/i/us/sp/v/mlb_cutout/players_l/04012024/10835.png"
"431.p.9002","Martinez","J.D.","431.l.148152.t.7","Mariachi Sluggers","Available","","BN","OF,Util","https://s.yimg.com/iu/api/res/1.2/gJ4wti3faBmcs8s0tkDQhQ--~C/YXBwaWQ9eXNwb3J0cztjaD0yMzM2O2NyPTE7Y3c9MTc5MDtkeD04NTc7ZHk9MDtmaT11bGNyb3A7aD02MDtxPTEwMDt3PTQ2/https://s.yimg.com/xe/i/us/sp/v/mlb_cutout/players_l/05032024/9002.1.png"
"431.p.10616","Gurriel Jr.","Lourdes","431.l.148152.t.7","Mariachi Sluggers","Available","","BN","OF,Util","https://s.yimg.com/iu/api/res/1.2/Wrp55j4qwh9izzGi8XHdvg--~C/YXBwaWQ9eXNwb3J0cztjaD0yMzM2O2NyPTE7Y3c9MTc5MDtkeD04NTc7ZHk9MDtmaT11bGNyb3A7aD02MDtxPTEwMDt3PTQ2/https://s.yimg.com/xe/i/us/sp/v/mlb_cutout/players_l/03292024/10616.png"
"431.p.10237","Albies","Ozzie","431.l.148152.t.7","Mariachi Sluggers","Available","","BN","2B,Util","https://s.yimg.com/iu/api/res/1.2/iWEIsgpL_yyx9yuEHpzSAw--~C/YXBwaWQ9eXNwb3J0cztjaD0yMzM2O2NyPTE7Y3c9MTc5MDtkeD04NTc7ZHk9MDtmaT11bGNyb3A7aD02MDtxPTEwMDt3PTQ2/https://s.yimg.com/xe/i/us/sp/v/mlb_cutout/players_l/04012024/10237.png"
"431.p.11855","Moreno","Gabriel","431.l.148152.t.7","Mariachi Sluggers","Available","","BN","C,Util","https://s.yimg.com/iu/api/res/1.2/z7CmT6nrvb94vncY2Igt_A--~C/YXBwaWQ9eXNwb3J0cztjaD0yMzM2O2NyPTE7Y3c9MTc5MDtkeD04NTc7ZHk9MDtmaT11bGNyb3A7aD02MDtxPTEwMDt3PTQ2/https://s.yimg.com/xe/i/us/sp/v/mlb_cutout/players_l/03292024/11855.png"
"431.p.11323","Singer","Brady","431.l.148152.t.7","Mariachi Sluggers","Available","","SP","SP,P","https://s.yimg.com/iu/api/res/1.2/UZtojhdk1LpVnszr1lyMJw--~C/YXBwaWQ9eXNwb3J0cztjaD0yMzM2O2NyPTE7Y3c9MTc5MDtkeD04NTc7ZHk9MDtmaT11bGNyb3A7aD02MDtxPTEwMDt3PTQ2/https://s.yimg.com/xe/i/us/sp/v/mlb_cutout/players_l/04192024/11323.png"
"431.p.60056","Pfaadt","Brandon","431.l.148152.t.7","Mariachi Sluggers","Available","","SP","SP,P","https://s.yimg.com/iu/api/res/1.2/iU8Dxg5emZkFUIXnW1W5ZQ--~C/YXBwaWQ9eXNwb3J0cztjaD0yMzM2O2NyPTE7Y3c9MTc5MDtkeD04NTc7ZHk9MDtmaT11bGNyb3A7aD02MDtxPTEwMDt3PTQ2/https://s.yimg.com/xe/i/us/sp/v/mlb_cutout/players_l/03292024/60056.png"
"431.p.8758","Jansen","Kenley","431.l.148152.t.7","Mariachi Sluggers","Injured","IL15 - Shoulder","RP","RP,P,IL","https://s.yimg.com/iu/api/res/1.2/jsiLKf3L1bhjkj7ZBEIgsQ--~C/YXBwaWQ9eXNwb3J0cztjaD0yMzM2O2NyPTE7Y3c9MTc5MDtkeD04NTc7ZHk9MDtmaT11bGNyb3A7aD02MDtxPTEwMDt3PTQ2/https://s.yimg.com/xe/i/us/sp/v/mlb_cutout/players_l/04032024/8758.png"
"431.p.10412","Kopech","Michael","431.l.148152.t.7","Mariachi Sluggers","Available","","RP","SP,RP,P","https://s.yimg.com/iu/api/res/1.2/fewDhjuyMRXv7IbzjPWz1A--~C/YXBwaWQ9eXNwb3J0cztjaD0yMzM2O2NyPTE7Y3c9MTc5MDtkeD04NTc7ZHk9MDtmaT11bGNyb3A7aD02MDtxPTEwMDt3PTQ2/https://s.yimg.com/xe/i/us/sp/v/mlb_cutout/players_l/08122024/10412.png"
"431.p.12554","Bradley","Taj","431.l.148152.t.7","Mariachi Sluggers","Available","","P","SP,P","https://s.yimg.com/iu/api/res/1.2/bOL8WNd1aRmLqduG.5GhKg--~C/YXBwaWQ9eXNwb3J0cztjaD0yMzM2O2NyPTE7Y3c9MTc5MDtkeD04NTc7ZHk9MDtmaT11bGNyb3A7aD02MDtxPTEwMDt3PTQ2/https://s.yimg.com/xe/i/us/sp/v/mlb_cutout/players_l/03202023/12554.png"
"431.p.10509","Buehler","Walker","431.l.148152.t.7","Mariachi Sluggers","Available","","P","SP,P","https://s.yimg.com/iu/api/res/1.2/Ag9o4geQIHuMgvLsOzacuA--~C/YXBwaWQ9eXNwb3J0cztjaD0yMzM2O2NyPTE7Y3c9MTc5MDtkeD04NTc7ZHk9MDtmaT11bGNyb3A7aD02MDtxPTEwMDt3PTQ2/https://s.yimg.com/xe/i/us/sp/v/mlb_cutout/players_l/04142023/10509.png"
"431.p.60231","Stone","Gavin","431.l.148152.t.7","Mariachi Sluggers","Injured","IL60 - Shoulder","P","SP,P,IL","https://s.yimg.com/iu/api/res/1.2/0eC7A0WVvQ7cmxfHNzBojw--~C/YXBwaWQ9eXNwb3J0cztjaD0yMzM2O2NyPTE7Y3c9MTc5MDtkeD04NTc7ZHk9MDtmaT11bGNyb3A7aD02MDtxPTEwMDt3PTQ2/https://s.yimg.com/xe/i/us/sp/v/mlb_cutout/players_l/04012024/60231.png"
"431.p.8180","Kershaw","Clayton","431.l.148152.t.7","Mariachi Sluggers","Injured","IL15 - Toe","P","SP,P,IL","https://s.yimg.com/iu/api/res/1.2/h3d9ecx_ihmk5bqk_zIwlg--~C/YXBwaWQ9eXNwb3J0cztjaD0yMzM2O2NyPTE7Y3c9MTc5MDtkeD04NTc7ZHk9MDtmaT11bGNyb3A7aD02MDtxPTEwMDt3PTQ2/https://s.yimg.com/xe/i/us/sp/v/mlb_cutout/players_l/04142023/8180.png"
"431.p.9616","Glasnow","Tyler","431.l.148152.t.7","Mariachi Sluggers","Injured","IL60 - Elbow","IL","SP,P,IL","https://s.yimg.com/iu/api/res/1.2/4zYbwi6TYHRtttx4Yftfnw--~C/YXBwaWQ9eXNwb3J0cztjaD0yMzM2O2NyPTE7Y3c9MTc5MDtkeD04NTc7ZHk9MDtmaT11bGNyb3A7aD02MDtxPTEwMDt3PTQ2/https://s.yimg.com/xe/i/us/sp/v/mlb_cutout/players_l/03082024/9616.png"
"431.p.10642","Smith","Will","431.l.148152.t.8","Halifax Chug-a-Luggers","Available","","C","C,Util","https://s.yimg.com/iu/api/res/1.2/CYhEfVNO4W4wNC5tWsZo0Q--~C/YXBwaWQ9eXNwb3J0cztjaD0yMzM2O2NyPTE7Y3c9MTc5MDtkeD04NTc7ZHk9MDtmaT11bGNyb3A7aD02MDtxPTEwMDt3PTQ2/https://s.yimg.com/xe/i/us/sp/v/mlb_cutout/players_l/04012024/10642.png"
"431.p.12688","Steer","Spencer","431.l.148152.t.8","Halifax Chug-a-Luggers","Available","","1B","1B,2B,3B,OF,Util","https://s.yimg.com/iu/api/res/1.2/qvjnv54eOv_QrldPxk_tiQ--~C/YXBwaWQ9eXNwb3J0cztjaD0yMzM2O2NyPTE7Y3c9MTc5MDtkeD04NTc7ZHk9MDtmaT11bGNyb3A7aD02MDtxPTEwMDt3PTQ2/https://s.yimg.com/xe/i/us/sp/v/mlb_cutout/players_l/04102024/12688.png"
"431.p.11086","Biggio","Cavan","431.l.148152.t.8","Halifax Chug-a-Luggers","NotAvailable","NA","2B","1B,2B,3B,OF,Util","https://s.yimg.com/iu/api/res/1.2/7z79SZK2HZJt9V8wMa73Ew--~C/YXBwaWQ9eXNwb3J0cztjaD0yMzM2O2NyPTE7Y3c9MTc5MDtkeD04NTc7ZHk9MDtmaT11bGNyb3A7aD02MDtxPTEwMDt3PTQ2/https://s.yimg.com/xe/i/us/sp/v/mlb_cutout/players_l/04262024/11086.png"
"431.p.9105","Arenado","Nolan","431.l.148152.t.8","Halifax Chug-a-Luggers","Available","","3B","3B,Util","https://s.yimg.com/iu/api/res/1.2/0FZ3jIvLP7Br.4oR0og9SQ--~C/YXBwaWQ9eXNwb3J0cztjaD0yMzM2O2NyPTE7Y3c9MTc5MDtkeD04NTc7ZHk9MDtmaT11bGNyb3A7aD02MDtxPTEwMDt3PTQ2/https://s.yimg.com/xe/i/us/sp/v/mlb_cutout/players_l/04232024/9105.png"
"431.p.10766","Bichette","Bo","431.l.148152.t.8","Halifax Chug-a-Luggers","Injured","IL10 - Finger","SS","SS,Util,IL","https://s.yimg.com/iu/api/res/1.2/P59O8DQztDS2ceHQ_Kr8IA--~C/YXBwaWQ9eXNwb3J0cztjaD0yMzM2O2NyPTE7Y3c9MTc5MDtkeD04NTc7ZHk9MDtmaT11bGNyb3A7aD02MDtxPTEwMDt3PTQ2/https://s.yimg.com/xe/i/us/sp/v/mlb_cutout/players_l/04262024/10766.png"
"431.p.9877","Judge","Aaron","431.l.148152.t.8","Halifax Chug-a-Luggers","Available","","OF","OF,Util","https://s.yimg.com/iu/api/res/1.2/NjtNMzn4MdkkD5az6mRq6Q--~C/YXBwaWQ9eXNwb3J0cztjaD0yMzM2O2NyPTE7Y3c9MTc5MDtkeD04NTc7ZHk9MDtmaT11bGNyb3A7aD02MDtxPTEwMDt3PTQ2/https://s.yimg.com/xe/i/us/sp/v/mlb_cutout/players_l/04102024/9877.png"
"431.p.9339","Springer","George","431.l.148152.t.8","Halifax Chug-a-Luggers","Available","","OF","OF,Util","https://s.yimg.com/iu/api/res/1.2/2HojELklm1hX.vntPm.LRw--~C/YXBwaWQ9eXNwb3J0cztjaD0yMzM2O2NyPTE7Y3c9MTc5MDtkeD04NTc7ZHk9MDtmaT11bGNyb3A7aD02MDtxPTEwMDt3PTQ2/https://s.yimg.com/xe/i/us/sp/v/mlb_cutout/players_l/04262024/9339.png"
"431.p.9861","Schwarber","Kyle","431.l.148152.t.8","Halifax Chug-a-Luggers","Available","","OF","OF,Util","https://s.yimg.com/iu/api/res/1.2/J.HxltbuxKQTtDItfi93cw--~C/YXBwaWQ9eXNwb3J0cztjaD0yMzM2O2NyPTE7Y3c9MTc5MDtkeD04NTc7ZHk9MDtmaT11bGNyb3A7aD02MDtxPTEwMDt3PTQ2/https://s.yimg.com/xe/i/us/sp/v/mlb_cutout/players_l/04122024/9861.png"
"431.p.60131","Encarnacion-Strand","Christian","431.l.148152.t.8","Halifax Chug-a-Luggers","Injured","IL60 - Wrist","Util","1B,Util,IL","https://s.yimg.com/iu/api/res/1.2/GSNtb0vvWZsTC7Lm7w9NaA--~C/YXBwaWQ9eXNwb3J0cztjaD0yMzM2O2NyPTE7Y3c9MTc5MDtkeD04NTc7ZHk9MDtmaT11bGNyb3A7aD02MDtxPTEwMDt3PTQ2/https://s.yimg.com/xe/i/us/sp/v/mlb_cutout/players_l/04102024/60131.png"
"431.p.8588","Turner","Justin","431.l.148152.t.8","Halifax Chug-a-Luggers","Available","","Util","1B,2B,3B,Util","https://s.yimg.com/iu/api/res/1.2/ItelREcH.syVbdSi2Vsqjg--~C/YXBwaWQ9eXNwb3J0cztjaD0yMzM2O2NyPTE7Y3c9MTc5MDtkeD04NTc7ZHk9MDtmaT11bGNyb3A7aD02MDtxPTEwMDt3PTQ2/https://s.yimg.com/xe/i/us/sp/v/mlb_cutout/players_l/08022024/8588.3.png"
"431.p.10843","Varsho","Daulton","431.l.148152.t.8","Halifax Chug-a-Luggers","Injured","IL60 - Shoulder","BN","OF,Util,IL","https://s.yimg.com/iu/api/res/1.2/.UAOO5Wpvix4aPvNRhkV6g--~C/YXBwaWQ9eXNwb3J0cztjaD0yMzM2O2NyPTE7Y3c9MTc5MDtkeD04NTc7ZHk9MDtmaT11bGNyb3A7aD02MDtxPTEwMDt3PTQ2/https://s.yimg.com/xe/i/us/sp/v/mlb_cutout/players_l/04262024/10843.png"
"431.p.9540","Abreu","José","431.l.148152.t.8","Halifax Chug-a-Luggers","NotAvailable","NA","BN","1B,Util","https://s.yimg.com/iu/api/res/1.2/Ttqlj2NAQHGe_QUPWfaBeQ--~C/YXBwaWQ9eXNwb3J0cztjaD0yMzM2O2NyPTE7Y3c9MTc5MDtkeD04NTc7ZHk9MDtmaT11bGNyb3A7aD02MDtxPTEwMDt3PTQ2/https://s.yimg.com/xe/i/us/sp/v/mlb_cutout/players_l/04182024/9540.png"
"431.p.10566","Hayes","Ke'Bryan","431.l.148152.t.8","Halifax Chug-a-Luggers","Injured","IL10 - Back","BN","3B,Util,IL","https://s.yimg.com/iu/api/res/1.2/Mtc3STAPZdajyxz2qncdpg--~C/YXBwaWQ9eXNwb3J0cztjaD0yMzM2O2NyPTE7Y3c9MTc5MDtkeD04NTc7ZHk9MDtmaT11bGNyb3A7aD02MDtxPTEwMDt3PTQ2/https://s.yimg.com/xe/i/us/sp/v/mlb_cutout/players_l/04162024/10566.png"
"431.p.10439","Jiménez","Eloy","431.l.148152.t.8","Halifax Chug-a-Luggers","NotAvailable","NA","BN","OF,Util","https://s.yimg.com/iu/api/res/1.2/u5_nwZRDbe03.Jum4sM2kA--~C/YXBwaWQ9eXNwb3J0cztjaD0yMzM2O2NyPTE7Y3c9MTc5MDtkeD04NTc7ZHk9MDtmaT11bGNyb3A7aD02MDtxPTEwMDt3PTQ2/https://s.yimg.com/xe/i/us/sp/v/mlb_cutout/players_l/08122024/10439.8.png"
"431.p.9610","Crawford","J.P.","431.l.148152.t.8","Halifax Chug-a-Luggers","Available","","BN","SS,Util","https://s.yimg.com/iu/api/res/1.2/bz5Ku1J5Wm1erM5on50hQg--~C/YXBwaWQ9eXNwb3J0cztjaD0yMzM2O2NyPTE7Y3c9MTc5MDtkeD04NTc7ZHk9MDtmaT11bGNyb3A7aD02MDtxPTEwMDt3PTQ2/https://s.yimg.com/xe/i/us/sp/v/mlb_cutout/players_l/03282024/9610.png"
"431.p.9334","Gausman","Kevin","431.l.148152.t.8","Halifax Chug-a-Luggers","Available","","SP","SP,P","https://s.yimg.com/iu/api/res/1.2/RzXR6RmCBbEioISqeedYCA--~C/YXBwaWQ9eXNwb3J0cztjaD0yMzM2O2NyPTE7Y3c9MTc5MDtkeD04NTc7ZHk9MDtmaT11bGNyb3A7aD02MDtxPTEwMDt3PTQ2/https://s.yimg.com/xe/i/us/sp/v/mlb_cutout/players_l/04262024/9334.png"
"431.p.9872","Berríos","José","431.l.148152.t.8","Halifax Chug-a-Luggers","Available","","SP","SP,P","https://s.yimg.com/iu/api/res/1.2/sHGchFHhBlWiKKxtibSoug--~C/YXBwaWQ9eXNwb3J0cztjaD0yMzM2O2NyPTE7Y3c9MTc5MDtkeD04NTc7ZHk9MDtmaT11bGNyb3A7aD02MDtxPTEwMDt3PTQ2/https://s.yimg.com/xe/i/us/sp/v/mlb_cutout/players_l/04262024/9872.png"
"431.p.11661","King","Michael","431.l.148152.t.8","Halifax Chug-a-Luggers","Available","","RP","SP,RP,P","https://s.yimg.com/iu/api/res/1.2/XCOJc413v6FM0YO8vxEXpw--~C/YXBwaWQ9eXNwb3J0cztjaD0yMzM2O2NyPTE7Y3c9MTc5MDtkeD04NTc7ZHk9MDtmaT11bGNyb3A7aD02MDtxPTEwMDt3PTQ2/https://s.yimg.com/xe/i/us/sp/v/mlb_cutout/players_l/04172024/11661.png"
"431.p.12036","Pepiot","Ryan","431.l.148152.t.8","Halifax Chug-a-Luggers","Available","","RP","SP,RP,P","https://s.yimg.com/iu/api/res/1.2/9zo.iYkEzs5dpEdjfog1xg--~C/YXBwaWQ9eXNwb3J0cztjaD0yMzM2O2NyPTE7Y3c9MTc5MDtkeD04NTc7ZHk9MDtmaT11bGNyb3A7aD02MDtxPTEwMDt3PTQ2/https://s.yimg.com/xe/i/us/sp/v/mlb_cutout/players_l/03062024/12036.png"
"431.p.9637","Stroman","Marcus","431.l.148152.t.8","Halifax Chug-a-Luggers","Available","","P","SP,P","https://s.yimg.com/iu/api/res/1.2/ojkSIQH2O0iu1E0TWzR1Fw--~C/YXBwaWQ9eXNwb3J0cztjaD0yMzM2O2NyPTE7Y3c9MTc5MDtkeD04NTc7ZHk9MDtmaT11bGNyb3A7aD02MDtxPTEwMDt3PTQ2/https://s.yimg.com/xe/i/us/sp/v/mlb_cutout/players_l/04102024/9637.png"
"431.p.8270","Morton","Charlie","431.l.148152.t.8","Halifax Chug-a-Luggers","Available","","P","SP,P","https://s.yimg.com/iu/api/res/1.2/.6XtcVHCjWKGLG_0cIVSMQ--~C/YXBwaWQ9eXNwb3J0cztjaD0yMzM2O2NyPTE7Y3c9MTc5MDtkeD04NTc7ZHk9MDtmaT11bGNyb3A7aD02MDtxPTEwMDt3PTQ2/https://s.yimg.com/xe/i/us/sp/v/mlb_cutout/players_l/04012024/8270.png"
"431.p.10692","Alvarado","José","431.l.148152.t.8","Halifax Chug-a-Luggers","Available","","P","RP,P","https://s.yimg.com/iu/api/res/1.2/alBM9C12GMb8nnnWx9FWPA--~C/YXBwaWQ9eXNwb3J0cztjaD0yMzM2O2NyPTE7Y3c9MTc5MDtkeD04NTc7ZHk9MDtmaT11bGNyb3A7aD02MDtxPTEwMDt3PTQ2/https://s.yimg.com/xe/i/us/sp/v/mlb_cutout/players_l/04122024/10692.png"
"431.p.7590","Verlander","Justin","431.l.148152.t.8","Halifax Chug-a-Luggers","Available","","P","SP,P","https://s.yimg.com/iu/api/res/1.2/1uXiBF6DoHrpayvDFOB5aA--~C/YXBwaWQ9eXNwb3J0cztjaD0yMzM2O2NyPTE7Y3c9MTc5MDtkeD04NTc7ZHk9MDtmaT11bGNyb3A7aD02MDtxPTEwMDt3PTQ2/https://s.yimg.com/xe/i/us/sp/v/mlb_cutout/players_l/04182024/7590.png"
"431.p.11728","Langeliers","Shea","431.l.148152.t.9","Tainted Love","Available","","C","C,Util","https://s.yimg.com/iu/api/res/1.2/2iXncRoYJBeP4tLZQ5HKHg--~C/YXBwaWQ9eXNwb3J0cztjaD0yMzM2O2NyPTE7Y3c9MTc5MDtkeD04NTc7ZHk9MDtmaT11bGNyb3A7aD02MDtxPTEwMDt3PTQ2/https://s.yimg.com/xe/i/us/sp/v/mlb_cutout/players_l/04032024/11728.png"
"431.p.11483","Wong","Connor","431.l.148152.t.9","Tainted Love","Available","","1B","C,1B,Util","https://s.yimg.com/iu/api/res/1.2/Y..3dR5IotNkNS4lp_13Tg--~C/YXBwaWQ9eXNwb3J0cztjaD0yMzM2O2NyPTE7Y3c9MTc5MDtkeD04NTc7ZHk9MDtmaT11bGNyb3A7aD02MDtxPTEwMDt3PTQ2/https://s.yimg.com/xe/i/us/sp/v/mlb_cutout/players_l/04032024/11483.png"
"431.p.12336","Garcia","Maikel","431.l.148152.t.9","Tainted Love","Available","","2B","2B,3B,SS,Util","https://s.yimg.com/iu/api/res/1.2/KgVuPX3Ucp1bAu62vXisww--~C/YXBwaWQ9eXNwb3J0cztjaD0yMzM2O2NyPTE7Y3c9MTc5MDtkeD04NTc7ZHk9MDtmaT11bGNyb3A7aD02MDtxPTEwMDt3PTQ2/https://s.yimg.com/xe/i/us/sp/v/mlb_cutout/players_l/04192024/12336.png"
"431.p.10233","Rosario","Amed","431.l.148152.t.9","Tainted Love","Available","","3B","2B,3B,SS,OF,Util","https://s.yimg.com/iu/api/res/1.2/.1PU2T5tOW2TnSExS35yCQ--~C/YXBwaWQ9eXNwb3J0cztjaD0yMzM2O2NyPTE7Y3c9MTc5MDtkeD04NTc7ZHk9MDtmaT11bGNyb3A7aD02MDtxPTEwMDt3PTQ2/https://s.yimg.com/xe/i/us/sp/v/mlb_cutout/players_l/08122024/10233.1.png"
"431.p.12025","Winn","Masyn","431.l.148152.t.9","Tainted Love","Available","","SS","SS,Util","https://s.yimg.com/iu/api/res/1.2/92AyEFFWLW67P7bIJYbD8w--~C/YXBwaWQ9eXNwb3J0cztjaD0yMzM2O2NyPTE7Y3c9MTc5MDtkeD04NTc7ZHk9MDtmaT11bGNyb3A7aD02MDtxPTEwMDt3PTQ2/https://s.yimg.com/xe/i/us/sp/v/mlb_cutout/players_l/04232024/12025.png"
"431.p.10577","Reynolds","Bryan","431.l.148152.t.9","Tainted Love","Available","","OF","OF,Util","https://s.yimg.com/iu/api/res/1.2/tFa7BBIRq6H8ng0mYGmPkA--~C/YXBwaWQ9eXNwb3J0cztjaD0yMzM2O2NyPTE7Y3c9MTc5MDtkeD04NTc7ZHk9MDtmaT11bGNyb3A7aD02MDtxPTEwMDt3PTQ2/https://s.yimg.com/xe/i/us/sp/v/mlb_cutout/players_l/04162024/10577.png"
"431.p.9112","Profar","Jurickson","431.l.148152.t.9","Tainted Love","Available","","OF","OF,Util","https://s.yimg.com/iu/api/res/1.2/LuUpBIsYhTol5tzLoV1.GA--~C/YXBwaWQ9eXNwb3J0cztjaD0yMzM2O2NyPTE7Y3c9MTc5MDtkeD04NTc7ZHk9MDtmaT11bGNyb3A7aD02MDtxPTEwMDt3PTQ2/https://s.yimg.com/xe/i/us/sp/v/mlb_cutout/players_l/05032024/9112.png"
"431.p.12730","Rafaela","Ceddanne","431.l.148152.t.9","Tainted Love","Available","","OF","2B,SS,OF,Util","https://s.yimg.com/iu/api/res/1.2/CmzHNzi6Ypx2ojFmF3xjgw--~C/YXBwaWQ9eXNwb3J0cztjaD0yMzM2O2NyPTE7Y3c9MTc5MDtkeD04NTc7ZHk9MDtmaT11bGNyb3A7aD02MDtxPTEwMDt3PTQ2/https://s.yimg.com/xe/i/us/sp/v/mlb_cutout/players_l/04032024/12730.png"
"431.p.62973","Langford","Wyatt","431.l.148152.t.9","Tainted Love","Available","","Util","OF,Util","https://s.yimg.com/iu/api/res/1.2/ULCnTZIvo_aKTS4bGN9Ltw--~C/YXBwaWQ9eXNwb3J0cztjaD0yMzM2O2NyPTE7Y3c9MTc5MDtkeD04NTc7ZHk9MDtmaT11bGNyb3A7aD02MDtxPTEwMDt3PTQ2/https://s.yimg.com/xe/i/us/sp/v/mlb_cutout/players_l/03282024/62973.png"
"431.p.10919","Giménez","Andrés","431.l.148152.t.9","Tainted Love","Available","","Util","2B,Util","https://s.yimg.com/iu/api/res/1.2/HFvDGgRYb.fl_iQZ3Y5QTQ--~C/YXBwaWQ9eXNwb3J0cztjaD0yMzM2O2NyPTE7Y3c9MTc5MDtkeD04NTc7ZHk9MDtmaT11bGNyb3A7aD02MDtxPTEwMDt3PTQ2/https://s.yimg.com/xe/i/us/sp/v/mlb_cutout/players_l/04112024/10919.png"
"431.p.9605","Olson","Matt","431.l.148152.t.9","Tainted Love","Available","","BN","1B,Util","https://s.yimg.com/iu/api/res/1.2/jtIXwGYfnGHPSXTZpPGOkw--~C/YXBwaWQ9eXNwb3J0cztjaD0yMzM2O2NyPTE7Y3c9MTc5MDtkeD04NTc7ZHk9MDtmaT11bGNyb3A7aD02MDtxPTEwMDt3PTQ2/https://s.yimg.com/xe/i/us/sp/v/mlb_cutout/players_l/04012024/9605.png"
"431.p.11642","Toro","Abraham","431.l.148152.t.9","Tainted Love","NotAvailable","NA - Undisclosed","BN","2B,3B,Util","https://s.yimg.com/iu/api/res/1.2/ED0RBpt_n7OhnQkDGmRUeQ--~C/YXBwaWQ9eXNwb3J0cztjaD0yMzM2O2NyPTE7Y3c9MTc5MDtkeD04NTc7ZHk9MDtmaT11bGNyb3A7aD02MDtxPTEwMDt3PTQ2/https://s.yimg.com/xe/i/us/sp/v/mlb_cutout/players_l/03112024/11642.png"
"431.p.11343","Turang","Brice","431.l.148152.t.9","Tainted Love","Available","","BN","2B,SS,Util","https://s.yimg.com/iu/api/res/1.2/1KCqKScNq4vd3BAq9dpUBA--~C/YXBwaWQ9eXNwb3J0cztjaD0yMzM2O2NyPTE7Y3c9MTc5MDtkeD04NTc7ZHk9MDtmaT11bGNyb3A7aD02MDtxPTEwMDt3PTQ2/https://s.yimg.com/xe/i/us/sp/v/mlb_cutout/players_l/05032024/11343.png"
"431.p.11014","Peralta","Freddy","431.l.148152.t.9","Tainted Love","Available","","SP","SP,P","https://s.yimg.com/iu/api/res/1.2/UwDbHSIEfj9xtoTtCmT0sA--~C/YXBwaWQ9eXNwb3J0cztjaD0yMzM2O2NyPTE7Y3c9MTc5MDtkeD04NTc7ZHk9MDtmaT11bGNyb3A7aD02MDtxPTEwMDt3PTQ2/https://s.yimg.com/xe/i/us/sp/v/mlb_cutout/players_l/05032024/11014.png"
"431.p.60584","Woo","Bryan","431.l.148152.t.9","Tainted Love","Available","","SP","SP,P","https://s.yimg.com/iu/api/res/1.2/HfL_d97g4hoUiHeRrxCNeA--~C/YXBwaWQ9eXNwb3J0cztjaD0yMzM2O2NyPTE7Y3c9MTc5MDtkeD04NTc7ZHk9MDtmaT11bGNyb3A7aD02MDtxPTEwMDt3PTQ2/https://s.yimg.com/xe/i/us/sp/v/mlb_cutout/players_l/03222023/60584.png"
"431.p.11208","Abreu","Bryan","431.l.148152.t.9","Tainted Love","Available","","RP","RP,P","https://s.yimg.com/iu/api/res/1.2/FCzRpHVOL4f7jmLRdsMmtA--~C/YXBwaWQ9eXNwb3J0cztjaD0yMzM2O2NyPTE7Y3c9MTc5MDtkeD04NTc7ZHk9MDtmaT11bGNyb3A7aD02MDtxPTEwMDt3PTQ2/https://s.yimg.com/xe/i/us/sp/v/mlb_cutout/players_l/04192023/11208.png"
"431.p.11009","Adam","Jason","431.l.148152.t.9","Tainted Love","Available","","RP","RP,P","https://s.yimg.com/iu/api/res/1.2/4CEtE979hKnuy2BOErHMmg--~C/YXBwaWQ9eXNwb3J0cztjaD0yMzM2O2NyPTE7Y3c9MTc5MDtkeD04NTc7ZHk9MDtmaT11bGNyb3A7aD02MDtxPTEwMDt3PTQ2/https://s.yimg.com/xe/i/us/sp/v/mlb_cutout/players_l/08162024/11009.1723868577.png"
"431.p.10229","Fedde","Erick","431.l.148152.t.9","Tainted Love","Available","","P","SP,P","https://s.yimg.com/iu/api/res/1.2/I7PbNFPGiXw6pv.otrvW5w--~C/YXBwaWQ9eXNwb3J0cztjaD0yMzM2O2NyPTE7Y3c9MTc5MDtkeD04NTc7ZHk9MDtmaT11bGNyb3A7aD02MDtxPTEwMDt3PTQ2/https://s.yimg.com/xe/i/us/sp/v/mlb_cutout/players_l/08022024/10229.png"
"431.p.12141","Brown","Hunter","431.l.148152.t.9","Tainted Love","Available","","P","SP,P","https://s.yimg.com/iu/api/res/1.2/qpsEsxSUqv1gLLGxj6o7gA--~C/YXBwaWQ9eXNwb3J0cztjaD0yMzM2O2NyPTE7Y3c9MTc5MDtkeD04NTc7ZHk9MDtmaT11bGNyb3A7aD02MDtxPTEwMDt3PTQ2/https://s.yimg.com/xe/i/us/sp/v/mlb_cutout/players_l/04182024/12141.png"
"431.p.11083","Mize","Casey","431.l.148152.t.9","Tainted Love","Available","","P","SP,P","https://s.yimg.com/iu/api/res/1.2/uh_mFoKdk0h9jwZ72bSaaQ--~C/YXBwaWQ9eXNwb3J0cztjaD0yMzM2O2NyPTE7Y3c9MTc5MDtkeD04NTc7ZHk9MDtmaT11bGNyb3A7aD02MDtxPTEwMDt3PTQ2/https://s.yimg.com/xe/i/us/sp/v/mlb_cutout/players_l/04152024/11083.png"
"431.p.12590","Blanco","Ronel","431.l.148152.t.9","Tainted Love","Available","","P","SP,RP,P","https://s.yimg.com/iu/api/res/1.2/E6uBUmaReYmmEeXV58JNVQ--~C/YXBwaWQ9eXNwb3J0cztjaD0yMzM2O2NyPTE7Y3c9MTc5MDtkeD04NTc7ZHk9MDtmaT11bGNyb3A7aD02MDtxPTEwMDt3PTQ2/https://s.yimg.com/xe/i/us/sp/v/mlb_cutout/players_l/04182024/12590.png"
"431.p.11117","Suárez","Ranger","431.l.148152.t.9","Tainted Love","Available","","BN","SP,P","https://s.yimg.com/iu/api/res/1.2/ZWQq.59zbBFOCBffXFPWsA--~C/YXBwaWQ9eXNwb3J0cztjaD0yMzM2O2NyPTE7Y3c9MTc5MDtkeD04NTc7ZHk9MDtmaT11bGNyb3A7aD02MDtxPTEwMDt3PTQ2/https://s.yimg.com/xe/i/us/sp/v/mlb_cutout/players_l/04122024/11117.png"
"431.p.10031","Anderson","Tyler","431.l.148152.t.9","Tainted Love","Available","","BN","SP,P","https://s.yimg.com/iu/api/res/1.2/JvtTG3ldSAjIic6TfO_emg--~C/YXBwaWQ9eXNwb3J0cztjaD0yMzM2O2NyPTE7Y3c9MTc5MDtkeD04NTc7ZHk9MDtmaT11bGNyb3A7aD02MDtxPTEwMDt3PTQ2/https://s.yimg.com/xe/i/us/sp/v/mlb_cutout/players_l/03072024/10031.png"
"431.p.10544","Andujar","Miguel","431.l.148152.t.9","Tainted Love","Injured","IL60 - Abdomen","IL","OF,Util,IL","https://s.yimg.com/iu/api/res/1.2/fgOwXkV4aQG8OadnS90ztQ--~C/YXBwaWQ9eXNwb3J0cztjaD0yMzM2O2NyPTE7Y3c9MTc5MDtkeD04NTc7ZHk9MDtmaT11bGNyb3A7aD02MDtxPTEwMDt3PTQ2/https://s.yimg.com/xe/i/us/sp/v/mlb_cutout/players_l/03112024/10544.png"
"431.p.10420","Riley","Austin","431.l.148152.t.9","Tainted Love","Injured","IL10 - Hand","IL","3B,Util,IL","https://s.yimg.com/iu/api/res/1.2/EY7O4IVmR33MiwqZT3m10Q--~C/YXBwaWQ9eXNwb3J0cztjaD0yMzM2O2NyPTE7Y3c9MTc5MDtkeD04NTc7ZHk9MDtmaT11bGNyb3A7aD02MDtxPTEwMDt3PTQ2/https://s.yimg.com/xe/i/us/sp/v/mlb_cutout/players_l/04012024/10420.png"
"431.p.11210","Rengifo","Luis","431.l.148152.t.9","Tainted Love","Injured","IL60 - Wrist","IL","2B,3B,SS,OF,Util,IL","https://s.yimg.com/iu/api/res/1.2/f9H88dhzw8Ldx4Mp4400Zg--~C/YXBwaWQ9eXNwb3J0cztjaD0yMzM2O2NyPTE7Y3c9MTc5MDtkeD04NTc7ZHk9MDtmaT11bGNyb3A7aD02MDtxPTEwMDt3PTQ2/https://s.yimg.com/xe/i/us/sp/v/mlb_cutout/players_l/04222024/11210.png"
"431.p.11750","Lodolo","Nick","431.l.148152.t.9","Tainted Love","Injured","IL15 - Finger","IL","SP,P,IL","https://s.yimg.com/iu/api/res/1.2/fTAFb5U7JkNiuT9.tRqrWw--~C/YXBwaWQ9eXNwb3J0cztjaD0yMzM2O2NyPTE7Y3c9MTc5MDtkeD04NTc7ZHk9MDtmaT11bGNyb3A7aD02MDtxPTEwMDt3PTQ2/https://s.yimg.com/xe/i/us/sp/v/mlb_cutout/players_l/04112023/11750.png"
"431.p.12011","O'Hoppe","Logan","431.l.148152.t.10","Tacoma Steller's Jays","Available","","C","C,Util","https://s.yimg.com/iu/api/res/1.2/Us.RddQQumXzwTnnrNOp6A--~C/YXBwaWQ9eXNwb3J0cztjaD0yMzM2O2NyPTE7Y3c9MTc5MDtkeD04NTc7ZHk9MDtmaT11bGNyb3A7aD02MDtxPTEwMDt3PTQ2/https://s.yimg.com/xe/i/us/sp/v/mlb_cutout/players_l/04222024/12011.png"
"431.p.8875","Harper","Bryce","431.l.148152.t.10","Tacoma Steller's Jays","Available","","1B","1B,Util","https://s.yimg.com/iu/api/res/1.2/P4AnLalRTKl6WBRz42ccvw--~C/YXBwaWQ9eXNwb3J0cztjaD0yMzM2O2NyPTE7Y3c9MTc5MDtkeD04NTc7ZHk9MDtmaT11bGNyb3A7aD02MDtxPTEwMDt3PTQ2/https://s.yimg.com/xe/i/us/sp/v/mlb_cutout/players_l/04122024/8875.png"
"431.p.12742","Horwitz","Spencer","431.l.148152.t.10","Tacoma Steller's Jays","Available","","2B","1B,2B,Util","https://s.yimg.com/iu/api/res/1.2/TU4G2KGlYDckGmeYzi2DHw--~C/YXBwaWQ9eXNwb3J0cztjaD0yMzM2O2NyPTE7Y3c9MTc5MDtkeD04NTc7ZHk9MDtmaT11bGNyb3A7aD02MDtxPTEwMDt3PTQ2/https://s.yimg.com/xe/i/us/sp/v/mlb_cutout/players_l/03162023/12742.png"
"431.p.12393","De La Cruz","Elly","431.l.148152.t.10","Tacoma Steller's Jays","Available","","3B","3B,SS,Util","https://s.yimg.com/iu/api/res/1.2/ed1IN9BGMdRv9Yj0PaJ5ig--~C/YXBwaWQ9eXNwb3J0cztjaD0yMzM2O2NyPTE7Y3c9MTc5MDtkeD04NTc7ZHk9MDtmaT11bGNyb3A7aD02MDtxPTEwMDt3PTQ2/https://s.yimg.com/xe/i/us/sp/v/mlb_cutout/players_l/04102024/12393.png"
"431.p.12562","Smith","Josh","431.l.148152.t.10","Tacoma Steller's Jays","Available","","SS","3B,SS,OF,Util","https://s.yimg.com/iu/api/res/1.2/9DclPLlAzVRMzDiKB_2i1w--~C/YXBwaWQ9eXNwb3J0cztjaD0yMzM2O2NyPTE7Y3c9MTc5MDtkeD04NTc7ZHk9MDtmaT11bGNyb3A7aD02MDtxPTEwMDt3PTQ2/https://s.yimg.com/xe/i/us/sp/v/mlb_cutout/players_l/04252024/12562.png"
"431.p.9385","Ozuna","Marcell","431.l.148152.t.10","Tacoma Steller's Jays","Available","","OF","OF,Util","https://s.yimg.com/iu/api/res/1.2/LE3ymI1rZyXAv311MFuaoQ--~C/YXBwaWQ9eXNwb3J0cztjaD0yMzM2O2NyPTE7Y3c9MTc5MDtkeD04NTc7ZHk9MDtmaT11bGNyb3A7aD02MDtxPTEwMDt3PTQ2/https://s.yimg.com/xe/i/us/sp/v/mlb_cutout/players_l/04012024/9385.png"
"431.p.8634","Stanton","Giancarlo","431.l.148152.t.10","Tacoma Steller's Jays","Available","","OF","OF,Util","https://s.yimg.com/iu/api/res/1.2/6KvA0P7bXrUWm9aXqOeSfw--~C/YXBwaWQ9eXNwb3J0cztjaD0yMzM2O2NyPTE7Y3c9MTc5MDtkeD04NTc7ZHk9MDtmaT11bGNyb3A7aD02MDtxPTEwMDt3PTQ2/https://s.yimg.com/xe/i/us/sp/v/mlb_cutout/players_l/04102024/8634.png"
"431.p.10917","Rooker","Brent","431.l.148152.t.10","Tacoma Steller's Jays","Available","","OF","OF,Util","https://s.yimg.com/iu/api/res/1.2/yW6A_UPZj4pYZtwQhOkv7Q--~C/YXBwaWQ9eXNwb3J0cztjaD0yMzM2O2NyPTE7Y3c9MTc5MDtkeD04NTc7ZHk9MDtmaT11bGNyb3A7aD02MDtxPTEwMDt3PTQ2/https://s.yimg.com/xe/i/us/sp/v/mlb_cutout/players_l/03112024/10917.png"
"431.p.9718","Realmuto","J.T.","431.l.148152.t.10","Tacoma Steller's Jays","Available","","Util","C,Util","https://s.yimg.com/iu/api/res/1.2/j335VhtbQ5WkgatbmFmthA--~C/YXBwaWQ9eXNwb3J0cztjaD0yMzM2O2NyPTE7Y3c9MTc5MDtkeD04NTc7ZHk9MDtmaT11bGNyb3A7aD02MDtxPTEwMDt3PTQ2/https://s.yimg.com/xe/i/us/sp/v/mlb_cutout/players_l/04122024/9718.png"
"431.p.12322","Tovar","Ezequiel","431.l.148152.t.10","Tacoma Steller's Jays","Available","","Util","SS,Util","https://s.yimg.com/iu/api/res/1.2/OZK9fVEP_u.RkPspHW08tA--~C/YXBwaWQ9eXNwb3J0cztjaD0yMzM2O2NyPTE7Y3c9MTc5MDtkeD04NTc7ZHk9MDtmaT11bGNyb3A7aD02MDtxPTEwMDt3PTQ2/https://s.yimg.com/xe/i/us/sp/v/mlb_cutout/players_l/04122024/12322.png"
"431.p.11384","Rodríguez","Julio","431.l.148152.t.10","Tacoma Steller's Jays","Available","","BN","OF,Util","https://s.yimg.com/iu/api/res/1.2/sLCfjU2WxFjNgTjVCqhYww--~C/YXBwaWQ9eXNwb3J0cztjaD0yMzM2O2NyPTE7Y3c9MTc5MDtkeD04NTc7ZHk9MDtmaT11bGNyb3A7aD02MDtxPTEwMDt3PTQ2/https://s.yimg.com/xe/i/us/sp/v/mlb_cutout/players_l/03282024/11384.png"
"431.p.10234","Swanson","Dansby","431.l.148152.t.10","Tacoma Steller's Jays","Available","","BN","SS,Util","https://s.yimg.com/iu/api/res/1.2/o2o3vSnBUQvUUTwx660QsQ--~C/YXBwaWQ9eXNwb3J0cztjaD0yMzM2O2NyPTE7Y3c9MTc5MDtkeD04NTc7ZHk9MDtmaT11bGNyb3A7aD02MDtxPTEwMDt3PTQ2/https://s.yimg.com/xe/i/us/sp/v/mlb_cutout/players_l/04082024/10234.png"
"431.p.62972","Skenes","Paul","431.l.148152.t.10","Tacoma Steller's Jays","Available","","SP","SP,P","https://s.yimg.com/iu/api/res/1.2/ejMRinK1W3wv59Z8iUJpmQ--~C/YXBwaWQ9eXNwb3J0cztjaD0yMzM2O2NyPTE7Y3c9MTc5MDtkeD04NTc7ZHk9MDtmaT11bGNyb3A7aD02MDtxPTEwMDt3PTQ2/https://s.yimg.com/xe/i/us/sp/v/mlb_cutout/players_l/05062024/62972.png"
"431.p.10852","Houck","Tanner","431.l.148152.t.10","Tacoma Steller's Jays","Available","","SP","SP,P","https://s.yimg.com/iu/api/res/1.2/fasb2PbB9jl_ODM0foUkOA--~C/YXBwaWQ9eXNwb3J0cztjaD0yMzM2O2NyPTE7Y3c9MTc5MDtkeD04NTc7ZHk9MDtmaT11bGNyb3A7aD02MDtxPTEwMDt3PTQ2/https://s.yimg.com/xe/i/us/sp/v/mlb_cutout/players_l/04032024/10852.png"
"431.p.9902","Iglesias","Raisel","431.l.148152.t.10","Tacoma Steller's Jays","Available","","RP","RP,P","https://s.yimg.com/iu/api/res/1.2/FDBfVO06csIro3gCkjQh7g--~C/YXBwaWQ9eXNwb3J0cztjaD0yMzM2O2NyPTE7Y3c9MTc5MDtkeD04NTc7ZHk9MDtmaT11bGNyb3A7aD02MDtxPTEwMDt3PTQ2/https://s.yimg.com/xe/i/us/sp/v/mlb_cutout/players_l/04012024/9902.png"
"431.p.11628","Williams","Devin","431.l.148152.t.10","Tacoma Steller's Jays","Available","","RP","RP,P","https://s.yimg.com/iu/api/res/1.2/nYgIIBqPSVKxdASLlDWljg--~C/YXBwaWQ9eXNwb3J0cztjaD0yMzM2O2NyPTE7Y3c9MTc5MDtkeD04NTc7ZHk9MDtmaT11bGNyb3A7aD02MDtxPTEwMDt3PTQ2/https://s.yimg.com/xe/i/us/sp/v/mlb_cutout/players_l/05032024/11628.png"
"431.p.9121","Cole","Gerrit","431.l.148152.t.10","Tacoma Steller's Jays","Available","","P","SP,P","https://s.yimg.com/iu/api/res/1.2/AsUYbjIyXI9C3SSHfUuBdg--~C/YXBwaWQ9eXNwb3J0cztjaD0yMzM2O2NyPTE7Y3c9MTc5MDtkeD04NTc7ZHk9MDtmaT11bGNyb3A7aD02MDtxPTEwMDt3PTQ2/https://s.yimg.com/xe/i/us/sp/v/mlb_cutout/players_l/04102024/9121.png"
"431.p.10148","Snell","Blake","431.l.148152.t.10","Tacoma Steller's Jays","Available","","P","SP,P","https://s.yimg.com/iu/api/res/1.2/Qts1c6klEe1DWIyr6v0.5A--~C/YXBwaWQ9eXNwb3J0cztjaD0yMzM2O2NyPTE7Y3c9MTc5MDtkeD04NTc7ZHk9MDtmaT11bGNyb3A7aD02MDtxPTEwMDt3PTQ2/https://s.yimg.com/xe/i/us/sp/v/mlb_cutout/players_l/04162024/10148.png"
"431.p.10326","Lugo","Seth","431.l.148152.t.10","Tacoma Steller's Jays","Available","","P","SP,P","https://s.yimg.com/iu/api/res/1.2/UN3CgxYK1s0hqbUBCZuY5Q--~C/YXBwaWQ9eXNwb3J0cztjaD0yMzM2O2NyPTE7Y3c9MTc5MDtkeD04NTc7ZHk9MDtmaT11bGNyb3A7aD02MDtxPTEwMDt3PTQ2/https://s.yimg.com/xe/i/us/sp/v/mlb_cutout/players_l/03062024/10326.png"
"431.p.10274","Estévez","Carlos","431.l.148152.t.10","Tacoma Steller's Jays","Available","","P","RP,P","https://s.yimg.com/iu/api/res/1.2/ymkMzIvXoTjYzUKBaSiDmA--~C/YXBwaWQ9eXNwb3J0cztjaD0yMzM2O2NyPTE7Y3c9MTc5MDtkeD04NTc7ZHk9MDtmaT11bGNyb3A7aD02MDtxPTEwMDt3PTQ2/https://s.yimg.com/xe/i/us/sp/v/mlb_cutout/players_l/08052024/10274.png"
"431.p.60440","Bradford","Cody","431.l.148152.t.10","Tacoma Steller's Jays","Available","","BN","SP,RP,P","https://s.yimg.com/iu/api/res/1.2/AV8_ipIycUkbUlh7rpEJgQ--~C/YXBwaWQ9eXNwb3J0cztjaD0yMzM2O2NyPTE7Y3c9MTc5MDtkeD04NTc7ZHk9MDtmaT11bGNyb3A7aD02MDtxPTEwMDt3PTQ2/https://s.yimg.com/xe/i/us/sp/v/mlb_cutout/players_l/04252024/60440.png"
"431.p.8780","Sale","Chris","431.l.148152.t.10","Tacoma Steller's Jays","Available","","BN","SP,P","https://s.yimg.com/iu/api/res/1.2/YAmoxiGuoHeYjGCp8D7swA--~C/YXBwaWQ9eXNwb3J0cztjaD0yMzM2O2NyPTE7Y3c9MTc5MDtkeD04NTc7ZHk9MDtmaT11bGNyb3A7aD02MDtxPTEwMDt3PTQ2/https://s.yimg.com/xe/i/us/sp/v/mlb_cutout/players_l/04012024/8780.png"
"431.p.11826","Kirby","George","431.l.148152.t.10","Tacoma Steller's Jays","Available","","BN","SP,P","https://s.yimg.com/iu/api/res/1.2/aRoKq4u72zHrdOXT1RcNog--~C/YXBwaWQ9eXNwb3J0cztjaD0yMzM2O2NyPTE7Y3c9MTc5MDtkeD04NTc7ZHk9MDtmaT11bGNyb3A7aD02MDtxPTEwMDt3PTQ2/https://s.yimg.com/xe/i/us/sp/v/mlb_cutout/players_l/03282024/11826.png"
"431.p.12449","Pasquantino","Vinnie","431.l.148152.t.10","Tacoma Steller's Jays","Injured","IL10 - Thumb","IL","1B,Util,IL","https://s.yimg.com/iu/api/res/1.2/RIRsSQ7sPnZ.m5EhKcAAhQ--~C/YXBwaWQ9eXNwb3J0cztjaD0yMzM2O2NyPTE7Y3c9MTc5MDtkeD04NTc7ZHk9MDtmaT11bGNyb3A7aD02MDtxPTEwMDt3PTQ2/https://s.yimg.com/xe/i/us/sp/v/mlb_cutout/players_l/04192024/12449.png"
"431.p.12116","Kim","Ha-Seong","431.l.148152.t.10","Tacoma Steller's Jays","Injured","IL10 - Shoulder","IL","2B,3B,SS,Util,IL","https://s.yimg.com/iu/api/res/1.2/uMJ_4QX.GjlPTlfVfnPLeA--~C/YXBwaWQ9eXNwb3J0cztjaD0yMzM2O2NyPTE7Y3c9MTc5MDtkeD04NTc7ZHk9MDtmaT11bGNyb3A7aD02MDtxPTEwMDt3PTQ2/https://s.yimg.com/xe/i/us/sp/v/mlb_cutout/players_l/04172024/12116.png"
"431.p.11597","Fairbanks","Pete","431.l.148152.t.10","Tacoma Steller's Jays","Injured","IL15 - Lat","IL","RP,P,IL","https://s.yimg.com/iu/api/res/1.2/NTB81WO4YDbJsfUns33BCQ--~C/YXBwaWQ9eXNwb3J0cztjaD0yMzM2O2NyPTE7Y3c9MTc5MDtkeD04NTc7ZHk9MDtmaT11bGNyb3A7aD02MDtxPTEwMDt3PTQ2/https://s.yimg.com/xe/i/us/sp/v/mlb_cutout/players_l/04232024/11597.png"
